{"stats":{"minecraft:mined":{"luminousworld:groundpebbles_1":1,"iceandfire:graveyard_soil":1,"minecraft:mossy_cobblestone":1,"minecraft:polished_granite":1,"minecraft:crafting_table":4,"luminousworld:mossbuds_2":1,"minecraft:grass_block":3,"iceandfire:ghost_chest":1,"minecraft:oak_planks":8,"minecraft:sugar_cane":5,"minecraft:magma_block":3,"minecraft:furnace":1,"minecraft:spruce_log":8,"minecraft:grass":1,"minecraft:oak_log":20,"minecraft:vine":1,"minecraft:oak_stairs":1,"minecraft:gravel":7,"minecraft:dirt":5,"minecraft:stone":17,"minecraft:stone_bricks":1,"minecraft:netherrack":6,"minecraft:mossy_stone_bricks":1,"minecraft:oak_leaves":3,"minecraft:suspicious_gravel":1},"minecraft:crafted":{"minecraft:oak_planks":20,"minecraft:cooked_porkchop":5,"minecraft:crafting_table":1,"minecraft:wooden_pickaxe":1,"minecraft:furnace":1,"minecraft:stone_axe":1,"minecraft:air":0,"minecraft:oak_boat":1,"minecraft:stick":12,"minecraft:stone_pickaxe":1,"minecraft:stone_sword":1},"minecraft:picked_up":{"luminousworld:groundpebbles_1":1,"minecraft:crafting_table":4,"minecraft:magma_block":1,"minecraft:oak_stairs":1,"minecraft:oak_log":20,"minecraft:dirt":8,"minecraft:polished_granite":1,"naturalist:bass":1,"minecraft:stone_bricks":1,"iceandfire:graveyard_soil":3,"minecraft:wheat_seeds":1,"minecraft:mossy_stone_bricks":1,"minecraft:sugar_cane":8,"minecraft:oak_planks":9,"minecraft:furnace":1,"iceandfire:ghost_chest":1,"minecraft:copper_ingot":1,"minecraft:gravel":6,"minecraft:porkchop":5,"minecraft:spruce_log":8,"naturalist:duck_egg":1,"minecraft:rotten_flesh":4,"supplementaries:ash":1,"minecraft:skeleton_skull":1,"minecraft:cobblestone":17},"minecraft:killed":{"minecraft:pig":3,"naturalist:catfish":1},"minecraft:dropped":{"minecraft:gravel":6,"naturalist:duck_egg":1,"minecraft:wheat_seeds":1,"minecraft:cobblestone":1,"minecraft:rotten_flesh":2,"minecraft:oak_planks":1,"minecraft:copper_ingot":1,"supplementaries:ash":1,"luminousworld:groundpebbles_1":1,"minecraft:mossy_stone_bricks":1,"minecraft:oak_stairs":1,"minecraft:stone_bricks":1,"minecraft:polished_granite":1},"minecraft:used":{"minecraft:stone_sword":9,"minecraft:stone_pickaxe":21,"minecraft:wooden_pickaxe":14,"minecraft:dirt":8,"minecraft:crafting_table":4,"minecraft:stone_axe":39,"minecraft:furnace":1,"minecraft:cooked_porkchop":3,"minecraft:oak_boat":1},"minecraft:custom":{"minecraft:interact_with_furnace":4,"minecraft:mob_kills":5,"minecraft:interact_with_crafting_table":6,"minecraft:time_since_death":28262,"minecraft:climb_one_cm":1324,"minecraft:time_since_rest":28262,"minecraft:sprint_one_cm":32030,"minecraft:damage_taken":190,"minecraft:walk_one_cm":46842,"minecraft:drop":14,"minecraft:damage_dealt":477,"minecraft:swim_one_cm":8641,"minecraft:fly_one_cm":46618,"minecraft:open_chest":5,"minecraft:crouch_one_cm":3933,"minecraft:play_time":28262,"minecraft:sneak_time":1329,"minecraft:walk_under_water_one_cm":10066,"minecraft:boat_one_cm":302085,"minecraft:jump":569,"minecraft:walk_on_water_one_cm":4476,"minecraft:total_world_time":28262,"minecraft:fall_one_cm":5092}},"DataVersion":3465}