{"stats":{"minecraft:mined":{"minecraft:grass_block":3,"minecraft:oak_log":4,"minecraft:dirt":3,"minecraft:sugar_cane":2,"minecraft:oak_leaves":1},"minecraft:picked_up":{"minecraft:oak_log":4,"minecraft:sugar_cane":2,"minecraft:dirt":6},"minecraft:crafted":{"minecraft:oak_planks":16,"minecraft:crafting_table":1,"minecraft:stick":12},"minecraft:used":{"minecraft:dirt":4,"minecraft:crafting_table":1},"minecraft:custom":{"minecraft:time_since_rest":4262,"minecraft:play_time":4262,"minecraft:sprint_one_cm":11760,"minecraft:damage_taken":90,"minecraft:walk_one_cm":4743,"minecraft:sneak_time":70,"minecraft:jump":109,"minecraft:time_since_death":4262,"minecraft:walk_on_water_one_cm":866,"minecraft:total_world_time":4262,"minecraft:climb_one_cm":1324,"minecraft:fall_one_cm":2150,"minecraft:fly_one_cm":22773}},"DataVersion":3465}