{"stats":{"minecraft:killed":{"minecraft:pig":3,"minecraft:zombie":1,"naturalist:catfish":1},"minecraft:killed_by":{"undead_revamp2:the_moonflower":1,"minecraft:drowned":1},"minecraft:mined":{"luminousworld:groundpebbles_1":1,"iceandfire:graveyard_soil":1,"iceandfire:silver_ore":1,"minecraft:mossy_cobblestone":1,"minecraft:polished_granite":1,"minecraft:crafting_table":4,"minecraft:granite":1,"luminousworld:mossbuds_2":1,"minecraft:grass_block":4,"iceandfire:ghost_chest":1,"luminousworld:grassvariant_2":1,"ecologics:coconut_log":5,"minecraft:sugar_cane":7,"minecraft:oak_planks":16,"minecraft:diorite":28,"minecraft:sandstone":4,"minecraft:wall_torch":1,"minecraft:tall_seagrass":1,"minecraft:magma_block":3,"minecraft:furnace":1,"minecraft:spruce_log":8,"minecraft:grass":2,"minecraft:oak_log":32,"minecraft:vine":1,"minecraft:oak_stairs":1,"minecraft:gravel":12,"minecraft:sand":16,"minecraft:dirt":10,"minecraft:stone_bricks":1,"minecraft:stone":54,"minecraft:netherrack":6,"minecraft:mossy_stone_bricks":1,"minecraft:oak_leaves":3,"minecraft:suspicious_gravel":1},"minecraft:used":{"minecraft:stone_sword":9,"minecraft:stone_pickaxe":86,"minecraft:oak_planks":8,"minecraft:wooden_pickaxe":26,"minecraft:torch":3,"minecraft:dirt":13,"minecraft:sand":9,"minecraft:crafting_table":8,"minecraft:wooden_axe":16,"ecologics:coconut_slice":2,"minecraft:stone_axe":40,"minecraft:magma_block":1,"minecraft:furnace":1,"minecraft:cooked_porkchop":3,"tombstone:gift":2,"minecraft:oak_boat":5},"minecraft:crafted":{"minecraft:oak_planks":68,"minecraft:cooked_porkchop":5,"minecraft:crafting_table":5,"ecologics:coconut_planks":16,"minecraft:wooden_pickaxe":2,"minecraft:furnace":1,"minecraft:stone_axe":1,"minecraft:air":0,"minecraft:oak_boat":5,"minecraft:stick":20,"minecraft:stone_pickaxe":2,"minecraft:wooden_axe":1,"minecraft:stone_sword":1,"minecraft:torch":4},"minecraft:custom":{"minecraft:interact_with_furnace":4,"minecraft:mob_kills":6,"minecraft:interact_with_crafting_table":14,"minecraft:leave_game":1,"minecraft:time_since_death":5691,"minecraft:climb_one_cm":2135,"minecraft:time_since_rest":5349,"minecraft:sprint_one_cm":76444,"minecraft:damage_taken":1305,"minecraft:walk_one_cm":71116,"minecraft:drop":26,"minecraft:damage_dealt":725,"minecraft:swim_one_cm":10989,"minecraft:fly_one_cm":93851,"minecraft:open_chest":5,"minecraft:crouch_one_cm":5607,"minecraft:play_time":48552,"tombstone:undead_killed":1,"minecraft:deaths":4,"minecraft:sneak_time":2255,"minecraft:walk_under_water_one_cm":14552,"minecraft:boat_one_cm":538744,"minecraft:jump":953,"minecraft:walk_on_water_one_cm":10636,"minecraft:total_world_time":48552,"minecraft:fall_one_cm":12284},"minecraft:picked_up":{"minecraft:crafting_table":4,"luminousworld:groundpebbles_1":2,"minecraft:magma_block":1,"minecraft:oak_stairs":1,"minecraft:flint":1,"minecraft:oak_log":32,"minecraft:lily_pad":7,"minecraft:dirt":14,"minecraft:polished_granite":1,"naturalist:bass":1,"minecraft:stone_bricks":1,"iceandfire:graveyard_soil":3,"minecraft:wheat_seeds":1,"minecraft:stone_pickaxe":1,"minecraft:oak_boat":2,"minecraft:mossy_stone_bricks":1,"minecraft:sugar_cane":13,"minecraft:oak_planks":17,"minecraft:furnace":1,"minecraft:sandstone":4,"iceandfire:ghost_chest":1,"ecologics:coconut_slice":2,"minecraft:copper_ingot":1,"minecraft:torch":1,"minecraft:gravel":10,"minecraft:porkchop":5,"minecraft:sand":17,"minecraft:diorite":28,"minecraft:spruce_log":8,"naturalist:duck_egg":1,"minecraft:rotten_flesh":4,"ecologics:coconut_log":4,"minecraft:granite":1,"supplementaries:ash":1,"minecraft:skeleton_skull":1,"iceandfire:raw_silver":1,"minecraft:cobblestone":56},"minecraft:dropped":{"minecraft:gravel":6,"naturalist:duck_egg":1,"minecraft:wheat_seeds":1,"minecraft:cobblestone":1,"minecraft:rotten_flesh":4,"minecraft:oak_planks":1,"minecraft:copper_ingot":1,"minecraft:stick":2,"supplementaries:ash":1,"luminousworld:groundpebbles_1":1,"minecraft:mossy_stone_bricks":1,"tombstone:grave_dust":1,"minecraft:oak_stairs":1,"minecraft:stone_bricks":1,"minecraft:stone_pickaxe":1,"minecraft:wooden_pickaxe":1,"minecraft:lily_pad":6,"minecraft:polished_granite":1}},"DataVersion":3465}