{"stats":{"minecraft:mined":{"luminousworld:groundpebbles_1":1,"minecraft:magma_block":3,"minecraft:furnace":1,"minecraft:mossy_cobblestone":1,"minecraft:spruce_log":8,"minecraft:polished_granite":1,"minecraft:crafting_table":4,"luminousworld:mossbuds_2":1,"minecraft:grass_block":3,"minecraft:oak_log":20,"minecraft:gravel":7,"minecraft:dirt":5,"minecraft:stone":17,"minecraft:netherrack":6,"minecraft:sugar_cane":5,"minecraft:oak_leaves":3,"minecraft:suspicious_gravel":1},"minecraft:crafted":{"minecraft:oak_boat":1,"minecraft:oak_planks":20,"minecraft:cooked_porkchop":5,"minecraft:crafting_table":1,"minecraft:stick":12,"minecraft:wooden_pickaxe":1,"minecraft:stone_pickaxe":1,"minecraft:stone_sword":1,"minecraft:furnace":1,"minecraft:stone_axe":1,"minecraft:air":0},"minecraft:picked_up":{"luminousworld:groundpebbles_1":1,"minecraft:magma_block":1,"minecraft:crafting_table":4,"minecraft:gravel":6,"minecraft:porkchop":5,"minecraft:oak_log":20,"minecraft:spruce_log":8,"naturalist:duck_egg":1,"minecraft:dirt":8,"minecraft:polished_granite":1,"naturalist:bass":1,"minecraft:rotten_flesh":4,"supplementaries:ash":1,"minecraft:sugar_cane":8,"minecraft:oak_planks":1,"minecraft:cobblestone":17,"minecraft:furnace":1},"minecraft:killed":{"minecraft:pig":3,"naturalist:catfish":1},"minecraft:dropped":{"supplementaries:ash":1,"luminousworld:groundpebbles_1":1,"minecraft:rotten_flesh":2},"minecraft:used":{"minecraft:stone_sword":9,"minecraft:stone_pickaxe":18,"minecraft:wooden_pickaxe":14,"minecraft:stone_axe":29,"minecraft:dirt":8,"minecraft:crafting_table":4,"minecraft:furnace":1,"minecraft:cooked_porkchop":2,"minecraft:oak_boat":1},"minecraft:custom":{"minecraft:time_since_rest":16262,"minecraft:interact_with_furnace":4,"minecraft:sprint_one_cm":29335,"minecraft:damage_taken":130,"minecraft:walk_one_cm":36817,"minecraft:mob_kills":5,"minecraft:drop":4,"minecraft:damage_dealt":477,"minecraft:interact_with_crafting_table":6,"minecraft:swim_one_cm":6059,"minecraft:fly_one_cm":45010,"minecraft:open_chest":2,"minecraft:crouch_one_cm":3933,"minecraft:play_time":16262,"minecraft:sneak_time":1249,"minecraft:walk_under_water_one_cm":3382,"minecraft:boat_one_cm":21600,"minecraft:jump":405,"minecraft:walk_on_water_one_cm":2404,"minecraft:time_since_death":16262,"minecraft:climb_one_cm":1324,"minecraft:total_world_time":16262,"minecraft:fall_one_cm":5092}},"DataVersion":3465}