{"stats":{"minecraft:mined":{"luminousworld:groundpebbles_1":1,"iceandfire:graveyard_soil":1,"iceandfire:silver_ore":1,"minecraft:mossy_cobblestone":1,"minecraft:polished_granite":1,"minecraft:crafting_table":4,"minecraft:granite":1,"luminousworld:mossbuds_2":1,"minecraft:grass_block":4,"iceandfire:ghost_chest":1,"luminousworld:grassvariant_2":1,"minecraft:oak_planks":8,"minecraft:sugar_cane":5,"minecraft:diorite":20,"minecraft:sandstone":4,"minecraft:tall_seagrass":1,"minecraft:magma_block":3,"minecraft:furnace":1,"minecraft:spruce_log":8,"minecraft:grass":1,"minecraft:oak_log":23,"minecraft:vine":1,"minecraft:oak_stairs":1,"minecraft:sand":6,"minecraft:gravel":8,"minecraft:dirt":6,"minecraft:stone":51,"minecraft:stone_bricks":1,"minecraft:netherrack":6,"minecraft:mossy_stone_bricks":1,"minecraft:oak_leaves":3,"minecraft:suspicious_gravel":1},"minecraft:crafted":{"minecraft:oak_planks":32,"minecraft:cooked_porkchop":5,"minecraft:crafting_table":2,"minecraft:wooden_pickaxe":1,"minecraft:furnace":1,"minecraft:stone_axe":1,"minecraft:air":0,"minecraft:oak_boat":2,"minecraft:stick":12,"minecraft:stone_pickaxe":1,"minecraft:stone_sword":1,"minecraft:torch":4},"minecraft:picked_up":{"luminousworld:groundpebbles_1":1,"minecraft:crafting_table":4,"minecraft:magma_block":1,"minecraft:oak_stairs":1,"minecraft:oak_log":23,"minecraft:lily_pad":5,"minecraft:dirt":10,"minecraft:polished_granite":1,"naturalist:bass":1,"minecraft:stone_bricks":1,"iceandfire:graveyard_soil":3,"minecraft:wheat_seeds":1,"minecraft:oak_boat":1,"minecraft:mossy_stone_bricks":1,"minecraft:sugar_cane":8,"minecraft:oak_planks":9,"minecraft:furnace":1,"minecraft:sandstone":4,"iceandfire:ghost_chest":1,"minecraft:copper_ingot":1,"minecraft:gravel":7,"minecraft:porkchop":5,"minecraft:sand":6,"minecraft:diorite":20,"minecraft:spruce_log":8,"naturalist:duck_egg":1,"minecraft:rotten_flesh":4,"minecraft:granite":1,"supplementaries:ash":1,"minecraft:skeleton_skull":1,"iceandfire:raw_silver":1,"minecraft:cobblestone":51},"minecraft:killed":{"minecraft:pig":3,"naturalist:catfish":1},"minecraft:dropped":{"minecraft:gravel":6,"naturalist:duck_egg":1,"minecraft:wheat_seeds":1,"minecraft:cobblestone":1,"minecraft:rotten_flesh":4,"minecraft:oak_planks":1,"minecraft:copper_ingot":1,"supplementaries:ash":1,"luminousworld:groundpebbles_1":1,"minecraft:mossy_stone_bricks":1,"tombstone:grave_dust":1,"minecraft:oak_stairs":1,"minecraft:stone_bricks":1,"minecraft:lily_pad":5,"minecraft:polished_granite":1},"minecraft:killed_by":{"undead_revamp2:the_moonflower":1},"minecraft:used":{"minecraft:stone_sword":9,"minecraft:stone_pickaxe":82,"minecraft:wooden_pickaxe":14,"minecraft:torch":3,"minecraft:dirt":10,"minecraft:sand":2,"minecraft:crafting_table":5,"minecraft:stone_axe":40,"minecraft:magma_block":1,"minecraft:furnace":1,"minecraft:cooked_porkchop":3,"tombstone:gift":2,"minecraft:oak_boat":2},"minecraft:custom":{"minecraft:interact_with_furnace":4,"minecraft:mob_kills":5,"minecraft:interact_with_crafting_table":7,"minecraft:time_since_death":3827,"minecraft:climb_one_cm":1324,"minecraft:time_since_rest":3640,"minecraft:sprint_one_cm":39628,"minecraft:damage_taken":570,"minecraft:walk_one_cm":51994,"minecraft:drop":22,"minecraft:damage_dealt":481,"minecraft:swim_one_cm":8974,"minecraft:fly_one_cm":51349,"minecraft:open_chest":5,"minecraft:crouch_one_cm":4662,"minecraft:play_time":34262,"minecraft:deaths":1,"minecraft:sneak_time":1754,"minecraft:walk_under_water_one_cm":13326,"minecraft:boat_one_cm":375480,"minecraft:jump":605,"minecraft:walk_on_water_one_cm":5129,"minecraft:total_world_time":34262,"minecraft:fall_one_cm":6986}},"DataVersion":3465}