{"stats":{"minecraft:mined":{"luminousworld:groundpebbles_1":1,"minecraft:tuff":16,"iceandfire:graveyard_soil":1,"iceandfire:silver_ore":1,"minecraft:mossy_cobblestone":1,"minecraft:polished_granite":1,"minecraft:crafting_table":4,"minecraft:granite":1,"luminousworld:mossbuds_2":1,"minecraft:grass_block":4,"iceandfire:ghost_chest":1,"luminousworld:grassvariant_2":1,"ecologics:coconut_log":5,"minecraft:sugar_cane":7,"minecraft:oak_planks":16,"minecraft:diorite":28,"minecraft:sandstone":4,"minecraft:wall_torch":4,"minecraft:tall_seagrass":1,"minecraft:magma_block":3,"minecraft:furnace":1,"minecraft:spruce_log":8,"minecraft:andesite":11,"minecraft:grass":2,"minecraft:oak_log":32,"luminousworld:ishstone":3,"minecraft:vine":1,"minecraft:oak_stairs":1,"minecraft:sand":16,"minecraft:gravel":13,"minecraft:dirt":11,"minecraft:stone":98,"minecraft:stone_bricks":1,"minecraft:netherrack":6,"minecraft:mossy_stone_bricks":1,"minecraft:oak_leaves":3,"minecraft:deepslate":50,"minecraft:suspicious_gravel":1},"minecraft:crafted":{"minecraft:oak_planks":68,"minecraft:cooked_porkchop":5,"minecraft:crafting_table":5,"ecologics:coconut_planks":16,"minecraft:wooden_pickaxe":2,"minecraft:furnace":1,"minecraft:stone_axe":1,"minecraft:air":0,"minecraft:oak_boat":5,"minecraft:charcoal":5,"minecraft:stick":20,"minecraft:stone_pickaxe":2,"minecraft:wooden_axe":1,"minecraft:stone_sword":1,"minecraft:torch":16},"minecraft:picked_up":{"minecraft:crafting_table":4,"luminousworld:groundpebbles_1":2,"minecraft:magma_block":1,"minecraft:andesite":11,"luminousworld:ishstone":3,"minecraft:oak_stairs":1,"minecraft:flint":1,"minecraft:tuff":16,"minecraft:oak_log":32,"minecraft:lily_pad":7,"minecraft:dirt":15,"minecraft:polished_granite":1,"naturalist:bass":1,"minecraft:stone_bricks":1,"iceandfire:graveyard_soil":3,"minecraft:wheat_seeds":1,"minecraft:cobbled_deepslate":50,"minecraft:stone_pickaxe":1,"minecraft:oak_boat":2,"minecraft:mossy_stone_bricks":1,"minecraft:sugar_cane":13,"minecraft:oak_planks":17,"minecraft:furnace":1,"minecraft:sandstone":4,"iceandfire:ghost_chest":1,"ecologics:coconut_slice":2,"minecraft:copper_ingot":1,"minecraft:torch":6,"minecraft:gravel":11,"minecraft:porkchop":5,"minecraft:sand":17,"minecraft:diorite":28,"minecraft:spruce_log":8,"naturalist:duck_egg":1,"minecraft:rotten_flesh":4,"ecologics:coconut_log":4,"minecraft:granite":1,"supplementaries:ash":1,"minecraft:skeleton_skull":1,"iceandfire:raw_silver":1,"minecraft:cobblestone":98},"minecraft:killed":{"minecraft:pig":3,"minecraft:zombie":1,"naturalist:catfish":1},"minecraft:dropped":{"minecraft:gravel":11,"naturalist:duck_egg":1,"minecraft:wheat_seeds":1,"minecraft:cobblestone":1,"minecraft:rotten_flesh":4,"minecraft:oak_planks":1,"minecraft:copper_ingot":1,"minecraft:stick":2,"supplementaries:ash":1,"luminousworld:groundpebbles_1":2,"minecraft:mossy_stone_bricks":1,"ecologics:coconut_husk":2,"tombstone:grave_dust":1,"minecraft:oak_stairs":1,"minecraft:stone_bricks":1,"minecraft:wooden_pickaxe":1,"minecraft:stone_pickaxe":1,"minecraft:lily_pad":6,"minecraft:polished_granite":1},"minecraft:killed_by":{"undead_revamp2:the_moonflower":1,"minecraft:drowned":1},"minecraft:used":{"minecraft:stone_sword":9,"minecraft:stone_pickaxe":213,"minecraft:oak_planks":8,"minecraft:wooden_pickaxe":26,"luminousworld:ishstone":3,"minecraft:torch":20,"minecraft:dirt":15,"minecraft:sand":17,"minecraft:crafting_table":8,"minecraft:tuff":9,"minecraft:wooden_axe":16,"ecologics:coconut_slice":2,"minecraft:stone_axe":40,"minecraft:magma_block":1,"minecraft:furnace":2,"minecraft:cooked_porkchop":4,"minecraft:andesite":11,"tombstone:gift":2,"minecraft:oak_boat":5},"minecraft:custom":{"minecraft:interact_with_furnace":8,"minecraft:mob_kills":6,"minecraft:interact_with_crafting_table":14,"minecraft:leave_game":1,"minecraft:time_since_death":16679,"minecraft:climb_one_cm":2135,"minecraft:time_since_rest":16337,"minecraft:sprint_one_cm":82658,"minecraft:damage_taken":1465,"minecraft:walk_one_cm":86134,"minecraft:drop":30,"minecraft:damage_dealt":725,"minecraft:swim_one_cm":16953,"minecraft:fly_one_cm":95440,"minecraft:open_chest":5,"minecraft:play_time":59540,"minecraft:crouch_one_cm":7570,"tombstone:undead_killed":1,"minecraft:deaths":4,"minecraft:sneak_time":3761,"minecraft:walk_under_water_one_cm":25776,"minecraft:boat_one_cm":538744,"minecraft:jump":1018,"minecraft:walk_on_water_one_cm":18901,"minecraft:total_world_time":59540,"minecraft:fall_one_cm":14161}},"DataVersion":3465}