{"stats":{"minecraft:killed":{"minecraft:pig":3,"naturalist:catfish":1},"minecraft:killed_by":{"undead_revamp2:the_moonflower":1},"minecraft:mined":{"luminousworld:groundpebbles_1":1,"iceandfire:graveyard_soil":1,"iceandfire:silver_ore":1,"minecraft:mossy_cobblestone":1,"minecraft:polished_granite":1,"minecraft:crafting_table":4,"minecraft:granite":1,"luminousworld:mossbuds_2":1,"minecraft:grass_block":4,"iceandfire:ghost_chest":1,"luminousworld:grassvariant_2":1,"ecologics:coconut_log":5,"minecraft:sugar_cane":7,"minecraft:oak_planks":9,"minecraft:diorite":20,"minecraft:sandstone":4,"minecraft:tall_seagrass":1,"minecraft:magma_block":3,"minecraft:furnace":1,"minecraft:spruce_log":8,"minecraft:grass":2,"minecraft:oak_log":29,"minecraft:vine":1,"minecraft:oak_stairs":1,"minecraft:gravel":8,"minecraft:sand":13,"minecraft:dirt":8,"minecraft:stone_bricks":1,"minecraft:stone":51,"minecraft:netherrack":6,"minecraft:mossy_stone_bricks":1,"minecraft:oak_leaves":3,"minecraft:suspicious_gravel":1},"minecraft:used":{"minecraft:stone_sword":9,"minecraft:stone_pickaxe":82,"minecraft:oak_planks":8,"minecraft:wooden_pickaxe":14,"minecraft:torch":3,"minecraft:dirt":12,"minecraft:sand":9,"minecraft:crafting_table":6,"ecologics:coconut_slice":2,"minecraft:stone_axe":40,"minecraft:magma_block":1,"minecraft:furnace":1,"minecraft:cooked_porkchop":3,"tombstone:gift":2,"minecraft:oak_boat":4},"minecraft:crafted":{"minecraft:oak_planks":56,"minecraft:cooked_porkchop":5,"minecraft:crafting_table":3,"ecologics:coconut_planks":16,"minecraft:wooden_pickaxe":2,"minecraft:furnace":1,"minecraft:stone_axe":1,"minecraft:air":0,"minecraft:oak_boat":4,"minecraft:stick":16,"minecraft:stone_pickaxe":1,"minecraft:stone_sword":1,"minecraft:torch":4},"minecraft:custom":{"minecraft:interact_with_furnace":4,"minecraft:mob_kills":5,"minecraft:interact_with_crafting_table":10,"minecraft:leave_game":1,"minecraft:time_since_death":4604,"minecraft:climb_one_cm":2135,"minecraft:time_since_rest":4247,"minecraft:sprint_one_cm":66923,"minecraft:damage_taken":1155,"minecraft:walk_one_cm":64652,"minecraft:drop":22,"minecraft:damage_dealt":501,"minecraft:swim_one_cm":9084,"minecraft:fly_one_cm":89128,"minecraft:open_chest":5,"minecraft:crouch_one_cm":5317,"minecraft:play_time":42552,"minecraft:deaths":3,"minecraft:sneak_time":2118,"minecraft:walk_under_water_one_cm":13679,"minecraft:boat_one_cm":442530,"minecraft:jump":931,"minecraft:walk_on_water_one_cm":7466,"minecraft:total_world_time":42552,"minecraft:fall_one_cm":12015},"minecraft:picked_up":{"minecraft:crafting_table":4,"luminousworld:groundpebbles_1":2,"minecraft:magma_block":1,"minecraft:oak_stairs":1,"minecraft:oak_log":29,"minecraft:lily_pad":6,"minecraft:dirt":12,"minecraft:polished_granite":1,"naturalist:bass":1,"minecraft:stone_bricks":1,"iceandfire:graveyard_soil":3,"minecraft:wheat_seeds":1,"minecraft:oak_boat":2,"minecraft:mossy_stone_bricks":1,"minecraft:sugar_cane":13,"minecraft:oak_planks":10,"minecraft:furnace":1,"minecraft:sandstone":4,"iceandfire:ghost_chest":1,"ecologics:coconut_slice":2,"minecraft:copper_ingot":1,"minecraft:gravel":7,"minecraft:porkchop":5,"minecraft:sand":14,"minecraft:diorite":20,"minecraft:spruce_log":8,"naturalist:duck_egg":1,"minecraft:rotten_flesh":4,"ecologics:coconut_log":4,"minecraft:granite":1,"supplementaries:ash":1,"minecraft:skeleton_skull":1,"iceandfire:raw_silver":1,"minecraft:cobblestone":51},"minecraft:dropped":{"minecraft:gravel":6,"naturalist:duck_egg":1,"minecraft:wheat_seeds":1,"minecraft:cobblestone":1,"minecraft:rotten_flesh":4,"minecraft:oak_planks":1,"minecraft:copper_ingot":1,"supplementaries:ash":1,"luminousworld:groundpebbles_1":1,"minecraft:mossy_stone_bricks":1,"tombstone:grave_dust":1,"minecraft:oak_stairs":1,"minecraft:stone_bricks":1,"minecraft:lily_pad":5,"minecraft:polished_granite":1}},"DataVersion":3465}