{"stats":{"minecraft:mined":{"luminousworld:groundpebbles_1":1,"minecraft:tuff":16,"iceandfire:graveyard_soil":1,"iceandfire:silver_ore":1,"minecraft:mossy_cobblestone":1,"minecraft:polished_granite":1,"minecraft:crafting_table":6,"minecraft:torch":5,"minecraft:granite":1,"luminousworld:mossbuds_2":1,"minecraft:grass_block":7,"iceandfire:ghost_chest":1,"luminousworld:grassvariant_2":3,"ecologics:coconut_log":14,"minecraft:sugar_cane":12,"minecraft:oak_planks":16,"minecraft:diorite":28,"minecraft:sandstone":4,"minecraft:wall_torch":15,"supplementaries:urn":1,"minecraft:tall_seagrass":1,"minecraft:magma_block":3,"minecraft:furnace":1,"minecraft:spruce_log":8,"minecraft:andesite":11,"minecraft:grass":3,"minecraft:oak_log":38,"luminousworld:ishstone":3,"minecraft:deepslate_iron_ore":5,"minecraft:vine":1,"minecraft:oak_stairs":1,"minecraft:sand":23,"minecraft:gravel":13,"minecraft:dirt":34,"minecraft:stone":102,"minecraft:stone_bricks":1,"minecraft:netherrack":6,"minecraft:mossy_stone_bricks":1,"minecraft:oak_leaves":3,"minecraft:deepslate":98,"minecraft:suspicious_gravel":1},"minecraft:crafted":{"minecraft:oak_planks":92,"minecraft:cooked_porkchop":5,"minecraft:crafting_table":7,"ecologics:coconut_planks":52,"minecraft:wooden_pickaxe":3,"minecraft:furnace":1,"minecraft:stone_axe":1,"minecraft:air":0,"minecraft:oak_boat":7,"minecraft:charcoal":5,"minecraft:stick":36,"minecraft:stone_pickaxe":4,"minecraft:wooden_axe":1,"minecraft:stone_sword":1,"minecraft:torch":20},"minecraft:picked_up":{"minecraft:wooden_axe":1,"minecraft:crafting_table":6,"luminousworld:groundpebbles_1":2,"minecraft:magma_block":1,"minecraft:andesite":11,"luminousworld:ishstone":3,"tombstone:tablet_of_home":1,"minecraft:oak_stairs":1,"minecraft:flint":1,"minecraft:tuff":16,"minecraft:oak_log":38,"minecraft:lily_pad":7,"minecraft:gunpowder":3,"minecraft:dirt":41,"minecraft:polished_granite":1,"naturalist:bass":1,"minecraft:stone_bricks":1,"iceandfire:graveyard_soil":3,"minecraft:wheat_seeds":1,"minecraft:cobbled_deepslate":105,"minecraft:stone_pickaxe":1,"minecraft:oak_boat":2,"minecraft:mossy_stone_bricks":1,"minecraft:sugar_cane":23,"minecraft:oak_planks":17,"minecraft:furnace":1,"minecraft:raw_iron":5,"minecraft:sandstone":4,"iceandfire:ghost_chest":1,"ecologics:coconut_slice":2,"minecraft:copper_ingot":1,"minecraft:torch":27,"minecraft:gravel":11,"minecraft:porkchop":5,"minecraft:sand":23,"minecraft:diorite":28,"minecraft:spruce_log":8,"alexsmobs:animal_dictionary":1,"naturalist:duck_egg":1,"minecraft:rotten_flesh":6,"ecologics:coconut_log":13,"minecraft:granite":1,"supplementaries:ash":4,"minecraft:skeleton_skull":1,"iceandfire:raw_silver":1,"minecraft:cobblestone":102},"minecraft:killed":{"minecraft:pig":3,"minecraft:zombie":3,"naturalist:catfish":1},"minecraft:dropped":{"minecraft:gravel":11,"naturalist:duck_egg":1,"minecraft:wheat_seeds":1,"minecraft:cobblestone":1,"minecraft:rotten_flesh":4,"minecraft:oak_planks":1,"minecraft:copper_ingot":1,"minecraft:stick":2,"supplementaries:ash":1,"tombstone:grave_key":2,"minecraft:wooden_axe":2,"luminousworld:groundpebbles_1":2,"minecraft:mossy_stone_bricks":1,"ecologics:coconut_husk":2,"tombstone:grave_dust":1,"minecraft:oak_stairs":1,"minecraft:stone_bricks":1,"minecraft:wooden_pickaxe":2,"minecraft:stone_pickaxe":1,"minecraft:lily_pad":6,"minecraft:polished_granite":1},"minecraft:broken":{"minecraft:stone_pickaxe":2},"minecraft:killed_by":{"undead_revamp2:the_moonflower":1,"minecraft:skeleton":1,"minecraft:creeper":1,"minecraft:drowned":1},"minecraft:used":{"minecraft:stone_sword":40,"minecraft:stone_pickaxe":275,"minecraft:oak_planks":8,"minecraft:wooden_pickaxe":46,"luminousworld:ishstone":3,"minecraft:torch":38,"minecraft:dirt":22,"minecraft:sand":17,"minecraft:crafting_table":11,"minecraft:tuff":9,"minecraft:wooden_axe":16,"ecologics:coconut_slice":2,"minecraft:stone_axe":41,"minecraft:magma_block":1,"minecraft:furnace":2,"minecraft:cooked_porkchop":5,"minecraft:andesite":11,"tombstone:gift":2,"minecraft:oak_boat":7},"minecraft:custom":{"minecraft:interact_with_furnace":8,"minecraft:mob_kills":12,"minecraft:interact_with_crafting_table":18,"minecraft:leave_game":1,"minecraft:time_since_death":3644,"minecraft:climb_one_cm":2726,"minecraft:time_since_rest":3423,"minecraft:sprint_one_cm":105322,"minecraft:damage_taken":2045,"minecraft:walk_one_cm":108691,"minecraft:drop":35,"minecraft:damage_dealt":2036,"minecraft:swim_one_cm":20199,"minecraft:fly_one_cm":138606,"minecraft:open_chest":5,"minecraft:play_time":71540,"minecraft:crouch_one_cm":9896,"tombstone:undead_killed":3,"minecraft:deaths":6,"minecraft:sneak_time":4686,"minecraft:walk_under_water_one_cm":34619,"minecraft:boat_one_cm":597739,"minecraft:jump":1390,"minecraft:walk_on_water_one_cm":48876,"minecraft:total_world_time":71540,"minecraft:fall_one_cm":17743}},"DataVersion":3465}