{"stats":{"minecraft:custom":{"minecraft:jump":65,"minecraft:leave_game":1,"minecraft:time_since_rest":342,"minecraft:deaths":1,"minecraft:walk_on_water_one_cm":323,"minecraft:sprint_one_cm":9488,"minecraft:damage_dealt":18,"minecraft:crouch_one_cm":83,"minecraft:play_time":5412,"minecraft:damage_taken":283,"minecraft:time_since_death":0,"minecraft:walk_one_cm":10397,"minecraft:sneak_time":14,"minecraft:total_world_time":5412,"minecraft:interact_with_crafting_table":5,"minecraft:fall_one_cm":1312,"minecraft:fly_one_cm":7850},"minecraft:picked_up":{"minecraft:spruce_log":12},"minecraft:crafted":{"minecraft:spruce_planks":8,"minecraft:stick":8},"minecraft:killed_by":{"minecraft:skeleton":1},"minecraft:mined":{"minecraft:spruce_log":9,"minecraft:spruce_leaves":1}},"DataVersion":3120}