{"stats":{"minecraft:mined":{"minecraft:dark_oak_planks":4,"luminousworld:groundpebbles_1":1,"minecraft:tuff":16,"minecraft:spruce_planks":3,"iceandfire:graveyard_soil":1,"iceandfire:silver_ore":1,"minecraft:mossy_cobblestone":1,"minecraft:granite":1,"luminousworld:mossbuds_2":1,"minecraft:grass_block":7,"luminousworld:grassvariant_2":3,"minecraft:coal_block":8,"ecologics:coconut_log":14,"minecraft:sandstone":4,"minecraft:spawner":1,"minecraft:hay_block":4,"minecraft:tall_seagrass":1,"minecraft:magma_block":3,"minecraft:furnace":1,"minecraft:fire":5,"minecraft:andesite":11,"minecraft:deepslate_iron_ore":5,"minecraft:vine":1,"minecraft:oak_stairs":1,"ecologics:walnut_log":5,"minecraft:stone":153,"minecraft:polished_granite":1,"minecraft:crafting_table":7,"minecraft:torch":5,"minecraft:blast_furnace":1,"minecraft:calcite":1,"ecologics:walnut_leaves":1,"iceandfire:ghost_chest":1,"quark:blossom_log":8,"minecraft:cyan_bed":2,"minecraft:lapis_ore":2,"minecraft:sugar_cane":12,"minecraft:oak_planks":16,"minecraft:diorite":28,"minecraft:wall_torch":16,"supplementaries:urn":1,"minecraft:black_wall_banner":1,"minecraft:spruce_log":8,"minecraft:grass":4,"minecraft:oak_log":38,"minecraft:coal_ore":6,"luminousworld:ishstone":3,"minecraft:gravel":13,"minecraft:sand":23,"minecraft:dirt":41,"minecraft:stone_bricks":1,"minecraft:netherrack":7,"minecraft:mossy_stone_bricks":1,"minecraft:oak_leaves":3,"minecraft:deepslate":98,"minecraft:suspicious_gravel":1,"undead_revamp2:arapholia":1},"minecraft:crafted":{"minecraft:oak_planks":92,"minecraft:coal":9,"ecologics:coconut_planks":52,"ecologics:walnut_planks":20,"minecraft:furnace":1,"minecraft:stone_pickaxe":5,"quark:blossom_planks":28,"minecraft:cooked_porkchop":5,"minecraft:crafting_table":7,"minecraft:wooden_pickaxe":3,"minecraft:stone_axe":2,"minecraft:air":0,"minecraft:oak_boat":7,"minecraft:charcoal":5,"minecraft:stick":44,"minecraft:wooden_axe":1,"minecraft:stone_sword":2,"minecraft:torch":56},"minecraft:picked_up":{"minecraft:wooden_axe":1,"luminousworld:groundpebbles_1":2,"minecraft:crafting_table":7,"illagerinvasion:platinum_chunk":1,"minecraft:chicken":1,"tombstone:tablet_of_home":1,"minecraft:oak_stairs":1,"minecraft:potion":1,"minecraft:cyan_carpet":1,"iceandfire:graveyard_soil":3,"minecraft:cobbled_deepslate":105,"minecraft:beef":4,"minecraft:spruce_planks":2,"minecraft:oak_boat":2,"minecraft:calcite":1,"minecraft:coal_block":8,"minecraft:sugar_cane":23,"minecraft:furnace":1,"minecraft:raw_iron":5,"minecraft:sandstone":4,"iceandfire:ghost_chest":1,"ecologics:walnut_log":5,"ecologics:coconut_slice":2,"minecraft:copper_ingot":1,"minecraft:torch":28,"quark:blossom_log":7,"minecraft:porkchop":5,"minecraft:diorite":28,"minecraft:dark_oak_planks":4,"minecraft:rotten_flesh":8,"minecraft:arrow":3,"minecraft:honey_bottle":1,"minecraft:hay_block":4,"ecologics:coconut_log":13,"minecraft:black_banner":1,"supplementaries:ash":4,"undead_revamp2:arapholia":1,"minecraft:skeleton_skull":1,"minecraft:cobblestone":153,"minecraft:magma_block":1,"minecraft:andesite":11,"luminousworld:ishstone":3,"minecraft:leather":2,"minecraft:flint":1,"minecraft:tuff":16,"minecraft:oak_log":38,"minecraft:lily_pad":7,"minecraft:gunpowder":3,"minecraft:lapis_lazuli":15,"minecraft:dirt":48,"minecraft:polished_granite":1,"naturalist:bass":1,"minecraft:bone":3,"minecraft:stone_bricks":1,"minecraft:wheat_seeds":1,"earthmobsmod:fancy_feather":3,"minecraft:stone_pickaxe":1,"minecraft:dark_oak_sign":2,"minecraft:mossy_stone_bricks":1,"minecraft:oak_planks":17,"minecraft:gravel":11,"minecraft:sand":23,"minecraft:blast_furnace":1,"minecraft:spruce_log":8,"minecraft:cyan_bed":2,"naturalist:duck_egg":1,"alexsmobs:animal_dictionary":1,"minecraft:granite":1,"minecraft:baked_potato":1,"minecraft:coal":6,"iceandfire:raw_silver":1},"minecraft:killed":{"earthmobsmod:fancy_chicken":1,"minecraft:husk":4,"minecraft:pig":3,"minecraft:frog":1,"minecraft:pillager":1,"minecraft:zombie":3,"naturalist:catfish":1,"minecraft:cow":1},"minecraft:broken":{"minecraft:stone_pickaxe":2},"minecraft:dropped":{"minecraft:wheat_seeds":1,"minecraft:cobblestone":1,"minecraft:copper_ingot":1,"minecraft:stick":2,"tombstone:grave_key":2,"minecraft:wooden_axe":2,"tombstone:grave_dust":1,"minecraft:oak_stairs":1,"minecraft:lily_pad":6,"minecraft:cyan_carpet":1,"minecraft:gravel":11,"naturalist:duck_egg":1,"undead_revamp2:arapholia":1,"minecraft:rotten_flesh":4,"minecraft:oak_planks":1,"supplementaries:ash":1,"luminousworld:groundpebbles_1":2,"minecraft:mossy_stone_bricks":1,"earthmobsmod:fancy_feather":3,"ecologics:coconut_husk":2,"minecraft:stone_bricks":1,"minecraft:wooden_pickaxe":2,"minecraft:stone_pickaxe":1,"minecraft:beef":2,"minecraft:calcite":1,"minecraft:polished_granite":1},"minecraft:used":{"minecraft:stone_sword":62,"minecraft:torch":48,"minecraft:dirt":40,"minecraft:tuff":9,"minecraft:wooden_axe":16,"minecraft:magma_block":1,"minecraft:furnace":2,"tombstone:gift":2,"minecraft:stone_pickaxe":350,"minecraft:oak_planks":8,"minecraft:wooden_pickaxe":50,"luminousworld:ishstone":3,"minecraft:sand":17,"minecraft:crafting_table":12,"minecraft:stone_axe":81,"ecologics:coconut_slice":2,"minecraft:potion":1,"minecraft:cooked_porkchop":5,"minecraft:andesite":11,"minecraft:oak_boat":7},"minecraft:killed_by":{"minecraft:husk":3,"undead_revamp2:the_moonflower":1,"minecraft:creeper":1,"minecraft:drowned":1,"minecraft:skeleton":6},"minecraft:custom":{"minecraft:mob_kills":21,"minecraft:interact_with_crafting_table":19,"minecraft:eat_cake_slice":3,"minecraft:leave_game":2,"minecraft:time_since_death":0,"minecraft:climb_one_cm":5734,"minecraft:sprint_one_cm":138647,"minecraft:walk_one_cm":170598,"minecraft:drop":42,"minecraft:play_time":86917,"minecraft:sneak_time":7231,"minecraft:deaths":14,"minecraft:walk_under_water_one_cm":34619,"minecraft:boat_one_cm":597739,"minecraft:jump":1582,"minecraft:interact_with_blast_furnace":1,"minecraft:walk_on_water_one_cm":48876,"minecraft:total_world_time":86917,"minecraft:interact_with_furnace":10,"tombstone:raider_killed":1,"minecraft:time_since_rest":425,"minecraft:damage_taken":4495,"minecraft:damage_dealt":4345,"minecraft:swim_one_cm":20199,"minecraft:fly_one_cm":177073,"minecraft:open_chest":7,"minecraft:crouch_one_cm":19105,"tombstone:undead_killed":7,"minecraft:fall_one_cm":20526}},"DataVersion":3465}