{"stats":{"minecraft:mined":{"minecraft:seagrass":1,"minecraft:spruce_log":3,"minecraft:light_gray_wool":1,"luminousworld:mossbuds_3":2,"minecraft:crafting_table":1,"minecraft:oak_log":4,"luminousworld:spuds":1,"minecraft:dead_bush":1,"luminousworld:decorative_brown_mushroom_1":1,"minecraft:stone_bricks":4,"minecraft:polished_andesite":7,"minecraft:diorite":2,"minecraft:fern":5},"minecraft:crafted":{"minecraft:oak_boat":1,"minecraft:oak_planks":16,"minecraft:crafting_table":1,"minecraft:spruce_planks":12,"minecraft:stick":8,"minecraft:wooden_pickaxe":1,"minecraft:white_bed":1,"quark:spruce_chest":1},"minecraft:picked_up":{"minecraft:crafting_table":1,"luminousworld:spuds":1,"minecraft:oak_log":4,"minecraft:lily_pad":3,"minecraft:spruce_log":2,"minecraft:diorite":2,"minecraft:polished_andesite":6,"naturalist:bass":1,"luminousworld:decorative_brown_mushroom_1":1,"minecraft:diamond":6,"minecraft:stone_bricks":4,"minecraft:wheat_seeds":1,"minecraft:spruce_planks":9,"minecraft:oak_boat":1,"minecraft:light_gray_wool":2,"minecraft:mutton":6,"minecraft:white_wool":3},"minecraft:killed":{"minecraft:sheep":4},"minecraft:killed_by":{"minecraft:vindicator":7,"minecraft:pillager":5,"minecraft:vex":3,"minecraft:illusioner":3},"minecraft:used":{"naturalist:bass":1,"quark:spruce_chest":1,"minecraft:wooden_pickaxe":22,"minecraft:stone_bricks":4,"minecraft:light_gray_wool":1,"minecraft:crafting_table":2,"tombstone:gift":3,"minecraft:white_bed":1,"minecraft:oak_boat":2},"minecraft:custom":{"minecraft:time_since_rest":1,"minecraft:sprint_one_cm":62374,"minecraft:damage_taken":5467,"minecraft:walk_one_cm":69590,"minecraft:mob_kills":4,"minecraft:damage_dealt":492,"minecraft:swim_one_cm":8756,"minecraft:interact_with_crafting_table":7,"minecraft:fly_one_cm":65582,"minecraft:open_barrel":8,"minecraft:open_chest":2,"minecraft:crouch_one_cm":408,"minecraft:play_time":24258,"minecraft:deaths":18,"minecraft:sneak_time":182,"minecraft:walk_under_water_one_cm":202,"minecraft:boat_one_cm":367380,"minecraft:jump":441,"minecraft:walk_on_water_one_cm":4885,"minecraft:leave_game":1,"minecraft:time_since_death":51,"minecraft:climb_one_cm":223,"minecraft:total_world_time":24258,"minecraft:fall_one_cm":6843}},"DataVersion":3465}