{"stats":{"minecraft:killed":{"minecraft:evoker":2,"minecraft:cave_spider":2,"minecraft:vindicator":10,"enemyexpansion:direwolf":2,"minecraft:skeleton":2,"minecraft:illusioner":2,"born_in_chaos_v1:baby_skeleton":1,"minecraft:sheep":4,"minecraft:pillager":6,"minecraft:zombie":1,"born_in_chaos_v1:corpse_fly":7,"born_in_chaos_v1:nightmare_stalker":1,"born_in_chaos_v1:door_knight":1},"minecraft:killed_by":{"minecraft:evoker":2,"minecraft:pillager":25,"born_in_chaos_v1:corpse_fly":1,"minecraft:vindicator":55,"minecraft:cave_spider":2,"minecraft:skeleton":4,"minecraft:zombie":2,"minecraft:vex":18,"minecraft:illusioner":13},"minecraft:mined":{"minecraft:dark_oak_planks":1,"minecraft:spruce_planks":6,"minecraft:white_bed":5,"minecraft:gray_stained_glass_pane":2,"minecraft:purple_terracotta":16,"luminousworld:mossbuds_2":1,"minecraft:grass_block":7,"minecraft:stone_brick_wall":1,"luminousworld:decorative_brown_mushroom_1":1,"minecraft:spruce_leaves":10,"minecraft:spawner":4,"minecraft:hay_block":15,"minecraft:furnace":2,"minecraft:iron_ore":3,"minecraft:fire":16,"luminousworld:mossbuds_3":2,"minecraft:enchanting_table":1,"minecraft:podzol":3,"minecraft:gray_terracotta":4,"minecraft:crafting_table":1,"minecraft:torch":1,"minecraft:melon":1,"luminousworld:spuds":1,"minecraft:dead_bush":1,"minecraft:bricks":5,"minecraft:diorite":2,"minecraft:wall_torch":2,"minecraft:seagrass":1,"minecraft:redstone_torch":1,"minecraft:magenta_terracotta":29,"minecraft:spruce_log":7,"minecraft:light_gray_wool":1,"minecraft:grass":1,"minecraft:oak_log":4,"minecraft:dirt":2,"minecraft:cobweb":3,"minecraft:polished_andesite":7,"minecraft:stone_bricks":14,"minecraft:gold_ore":3,"minecraft:fern":8},"minecraft:used":{"minecraft:diamond_hoe":1,"minecraft:spruce_planks":10,"minecraft:iron_sword":190,"minecraft:rotten_flesh":3,"minecraft:torch":1,"minecraft:dirt":11,"minecraft:mutton":6,"minecraft:dark_oak_planks":1,"minecraft:bricks":5,"quark:spruce_chest":2,"minecraft:iron_helmet":1,"minecraft:stone_bricks":4,"minecraft:diamond_chestplate":1,"minecraft:light_gray_wool":2,"minecraft:hay_block":1,"supplementaries:ash":2,"minecraft:magenta_terracotta":28,"tombstone:gift":3,"minecraft:iron_leggings":1,"naturalist:bass":1,"minecraft:diorite":2,"minecraft:polished_andesite":8,"minecraft:wooden_pickaxe":39,"minecraft:crafting_table":2,"minecraft:white_bed":6,"minecraft:purple_terracotta":16,"minecraft:redstone_torch":1,"minecraft:gray_terracotta":4,"minecraft:diamond_pickaxe":86,"minecraft:bread":2,"minecraft:melon_slice":5,"minecraft:diamond_sword":50,"minecraft:oak_boat":2},"minecraft:crafted":{"minecraft:oak_planks":16,"quark:spruce_chest":2,"minecraft:crafting_table":1,"minecraft:spruce_planks":24,"minecraft:wooden_pickaxe":1,"minecraft:iron_sword":1,"minecraft:oak_boat":1,"minecraft:diamond_pickaxe":1,"minecraft:stick":8,"minecraft:gold_ingot":8,"minecraft:white_bed":1},"minecraft:broken":{"minecraft:iron_boots":1,"minecraft:iron_leggings":1,"minecraft:wooden_pickaxe":1,"minecraft:iron_helmet":1},"minecraft:custom":{"minecraft:mob_kills":41,"minecraft:interact_with_crafting_table":14,"minecraft:open_barrel":41,"minecraft:damage_dealt_resisted":1246,"minecraft:leave_game":7,"minecraft:time_since_death":4233,"minecraft:climb_one_cm":2435,"minecraft:sprint_one_cm":420620,"minecraft:walk_one_cm":420602,"minecraft:drop":15,"minecraft:damage_dealt_absorbed":120,"minecraft:play_time":132752,"minecraft:deaths":122,"minecraft:sneak_time":1744,"minecraft:walk_under_water_one_cm":1493,"minecraft:boat_one_cm":367380,"minecraft:jump":3703,"minecraft:walk_on_water_one_cm":14581,"minecraft:total_world_time":132752,"tombstone:raider_killed":20,"minecraft:time_since_rest":3653,"minecraft:damage_taken":35759,"minecraft:damage_dealt":13444,"minecraft:swim_one_cm":9754,"minecraft:fly_one_cm":411097,"minecraft:open_chest":51,"minecraft:crouch_one_cm":2167,"tombstone:undead_killed":5,"minecraft:fall_one_cm":48090},"minecraft:picked_up":{"sophisticatedbackpacks:gold_backpack":2,"minecraft:crafting_table":1,"minecraft:iron_chestplate":1,"illagerinvasion:platinum_chunk":2,"aether:iron_gloves":1,"friendsandfoes:totem_of_illusion":2,"minecraft:stone_brick_wall":1,"minecraft:string":7,"minecraft:iron_axe":1,"minecraft:iron_leggings":1,"minecraft:iron_shovel":1,"minecraft:gold_nugget":30,"minecraft:bucket":1,"minecraft:spruce_planks":14,"minecraft:oak_boat":1,"minecraft:redstone_torch":1,"minecraft:light_gray_wool":2,"minecraft:melon_slice":5,"minecraft:mangrove_log":2,"minecraft:furnace":4,"minecraft:stick":3,"minecraft:raw_iron":2,"luminousworld:spuds":4,"minecraft:torch":3,"minecraft:diorite":2,"born_in_chaos_v1:nightmare_claw":1,"minecraft:purple_terracotta":16,"minecraft:dark_oak_planks":1,"luminousworld:decorative_brown_mushroom_1":1,"minecraft:diamond_chestplate":1,"minecraft:arrow":5,"minecraft:rotten_flesh":14,"minecraft:hay_block":15,"minecraft:totem_of_undying":2,"supplementaries:ash":3,"minecraft:mutton":6,"minecraft:white_wool":3,"born_in_chaos_v1:corpse_maggot":5,"minecraft:oak_log":4,"minecraft:lily_pad":3,"minecraft:magenta_terracotta":30,"minecraft:dirt":12,"born_in_chaos_v1:monster_skin":4,"naturalist:bass":1,"minecraft:bone":2,"minecraft:stone_bricks":11,"minecraft:gray_terracotta":4,"minecraft:wheat_seeds":1,"minecraft:raw_gold":3,"minecraft:black_terracotta":2,"minecraft:white_bed":5,"minecraft:spruce_log":7,"minecraft:spider_eye":1,"alexsmobs:animal_dictionary":1,"minecraft:light_gray_concrete":2,"minecraft:polished_andesite":6,"minecraft:diamond":6,"minecraft:iron_helmet":2,"minecraft:emerald":9,"tombstone:magic_scroll":2,"minecraft:bricks":5},"minecraft:dropped":{"minecraft:iron_sword":1,"minecraft:wheat_seeds":1,"luminousworld:spuds":2,"minecraft:iron_helmet":1,"sophisticatedbackpacks:gold_backpack":1,"minecraft:dirt":1,"minecraft:gold_nugget":6,"minecraft:string":4,"minecraft:lily_pad":3,"minecraft:furnace":2,"minecraft:black_terracotta":2,"minecraft:rotten_flesh":7,"aether:iron_gloves":1,"minecraft:stone_brick_wall":1}},"DataVersion":3465}