{"stats":{"minecraft:custom":{"minecraft:time_since_rest":8116,"minecraft:crouch_one_cm":334,"minecraft:play_time":8116,"minecraft:sprint_one_cm":20068,"minecraft:damage_taken":160,"minecraft:walk_one_cm":21276,"minecraft:sneak_time":104,"minecraft:walk_under_water_one_cm":669,"minecraft:jump":177,"minecraft:leave_game":1,"minecraft:time_since_death":8116,"minecraft:walk_on_water_one_cm":1494,"minecraft:total_world_time":8116,"minecraft:fall_one_cm":6213,"minecraft:interact_with_crafting_table":2,"minecraft:swim_one_cm":1473,"minecraft:fly_one_cm":27435},"minecraft:crafted":{"minecraft:spruce_planks":36,"minecraft:stick":4,"minecraft:wooden_pickaxe":1},"minecraft:picked_up":{"minecraft:crafting_table":2,"minecraft:brown_mushroom":1,"minecraft:stone_pickaxe":1,"minecraft:spruce_log":9,"minecraft:dirt":1,"minecraft:wooden_axe":1},"minecraft:mined":{"minecraft:podzol":1,"minecraft:large_fern":1,"minecraft:brown_mushroom":1,"minecraft:spruce_log":7,"minecraft:crafting_table":2},"minecraft:used":{"minecraft:dirt":1,"minecraft:crafting_table":1}},"DataVersion":3120}