{"stats":{"minecraft:mined":{"minecraft:podzol":1,"minecraft:gray_stained_glass_pane":2,"minecraft:crafting_table":1,"luminousworld:mossbuds_2":1,"minecraft:grass_block":6,"luminousworld:spuds":1,"minecraft:dead_bush":1,"luminousworld:decorative_brown_mushroom_1":1,"minecraft:spruce_leaves":5,"minecraft:diorite":2,"minecraft:seagrass":1,"minecraft:fire":16,"minecraft:spruce_log":5,"minecraft:light_gray_wool":1,"luminousworld:mossbuds_3":2,"minecraft:grass":1,"minecraft:oak_log":4,"minecraft:dirt":1,"minecraft:polished_andesite":7,"minecraft:stone_bricks":4,"minecraft:fern":6},"minecraft:crafted":{"minecraft:oak_planks":16,"minecraft:crafting_table":1,"minecraft:spruce_planks":12,"minecraft:wooden_pickaxe":1,"minecraft:iron_sword":1,"minecraft:oak_boat":1,"minecraft:stick":8,"minecraft:white_bed":1,"quark:spruce_chest":1},"minecraft:picked_up":{"minecraft:crafting_table":1,"minecraft:iron_chestplate":1,"illagerinvasion:platinum_chunk":2,"aether:iron_gloves":1,"minecraft:oak_log":4,"minecraft:lily_pad":3,"minecraft:dirt":8,"minecraft:iron_leggings":1,"naturalist:bass":1,"minecraft:bone":2,"minecraft:stone_bricks":4,"minecraft:wheat_seeds":1,"minecraft:gold_nugget":30,"minecraft:spruce_planks":9,"minecraft:oak_boat":1,"minecraft:light_gray_wool":2,"minecraft:mangrove_log":2,"minecraft:stick":3,"luminousworld:spuds":1,"minecraft:diorite":2,"minecraft:spruce_log":5,"alexsmobs:animal_dictionary":1,"luminousworld:decorative_brown_mushroom_1":1,"minecraft:polished_andesite":6,"minecraft:rotten_flesh":2,"minecraft:diamond_chestplate":1,"minecraft:diamond":6,"minecraft:iron_helmet":1,"minecraft:emerald":1,"minecraft:totem_of_undying":1,"supplementaries:ash":3,"minecraft:mutton":6,"minecraft:white_wool":3},"minecraft:killed":{"minecraft:evoker":1,"minecraft:sheep":4,"minecraft:skeleton":1,"minecraft:pillager":4},"minecraft:broken":{"minecraft:wooden_pickaxe":1},"minecraft:killed_by":{"minecraft:vindicator":24,"minecraft:evoker":1,"minecraft:skeleton":4,"minecraft:pillager":24,"minecraft:vex":10,"minecraft:illusioner":11},"minecraft:used":{"naturalist:bass":1,"minecraft:polished_andesite":8,"minecraft:wooden_pickaxe":39,"minecraft:iron_sword":40,"minecraft:dirt":7,"minecraft:mutton":4,"minecraft:crafting_table":2,"minecraft:white_bed":1,"quark:spruce_chest":1,"minecraft:iron_helmet":1,"minecraft:stone_bricks":4,"minecraft:diamond_chestplate":1,"minecraft:light_gray_wool":1,"minecraft:diamond_sword":1,"supplementaries:ash":1,"tombstone:gift":3,"minecraft:oak_boat":2,"minecraft:iron_leggings":1},"minecraft:custom":{"minecraft:mob_kills":10,"tombstone:raider_killed":5,"minecraft:interact_with_crafting_table":9,"minecraft:open_barrel":19,"minecraft:leave_game":1,"minecraft:time_since_death":1061,"minecraft:climb_one_cm":1287,"minecraft:time_since_rest":734,"minecraft:sprint_one_cm":189663,"minecraft:damage_taken":21249,"minecraft:walk_one_cm":191210,"minecraft:damage_dealt":3779,"minecraft:swim_one_cm":9026,"minecraft:fly_one_cm":207251,"minecraft:open_chest":16,"tombstone:undead_killed":1,"minecraft:crouch_one_cm":409,"minecraft:play_time":60258,"minecraft:deaths":74,"minecraft:sneak_time":183,"minecraft:walk_under_water_one_cm":1361,"minecraft:boat_one_cm":367380,"minecraft:jump":1697,"minecraft:walk_on_water_one_cm":12191,"minecraft:total_world_time":60258,"minecraft:fall_one_cm":21485}},"DataVersion":3465}