{"stats":{"minecraft:mined":{"minecraft:dark_oak_planks":1,"minecraft:podzol":3,"minecraft:gray_terracotta":4,"minecraft:spruce_planks":6,"minecraft:white_bed":2,"minecraft:gray_stained_glass_pane":2,"minecraft:crafting_table":1,"minecraft:purple_terracotta":15,"minecraft:stone_brick_wall":1,"luminousworld:mossbuds_2":1,"minecraft:grass_block":7,"minecraft:melon":1,"luminousworld:spuds":1,"minecraft:dead_bush":1,"luminousworld:decorative_brown_mushroom_1":1,"minecraft:spruce_leaves":10,"minecraft:bricks":2,"minecraft:diorite":2,"minecraft:seagrass":1,"minecraft:furnace":2,"minecraft:magenta_terracotta":28,"minecraft:fire":16,"minecraft:spruce_log":7,"minecraft:light_gray_wool":1,"luminousworld:mossbuds_3":2,"minecraft:enchanting_table":1,"minecraft:grass":1,"minecraft:oak_log":4,"minecraft:dirt":2,"minecraft:polished_andesite":7,"minecraft:stone_bricks":14,"minecraft:fern":8},"minecraft:crafted":{"minecraft:oak_planks":16,"minecraft:crafting_table":1,"minecraft:spruce_planks":24,"minecraft:wooden_pickaxe":1,"minecraft:iron_sword":1,"minecraft:oak_boat":1,"minecraft:diamond_pickaxe":1,"minecraft:stick":8,"minecraft:white_bed":1,"quark:spruce_chest":2},"minecraft:picked_up":{"minecraft:crafting_table":1,"minecraft:iron_chestplate":1,"illagerinvasion:platinum_chunk":2,"friendsandfoes:totem_of_illusion":1,"aether:iron_gloves":1,"minecraft:stone_brick_wall":1,"minecraft:oak_log":4,"minecraft:lily_pad":3,"minecraft:magenta_terracotta":28,"minecraft:dirt":12,"minecraft:iron_axe":1,"minecraft:iron_leggings":1,"naturalist:bass":1,"minecraft:bone":2,"minecraft:stone_bricks":11,"minecraft:gray_terracotta":4,"minecraft:wheat_seeds":1,"minecraft:gold_nugget":30,"minecraft:bucket":1,"minecraft:spruce_planks":14,"minecraft:oak_boat":1,"minecraft:light_gray_wool":2,"minecraft:melon_slice":5,"minecraft:mangrove_log":2,"minecraft:furnace":2,"minecraft:stick":3,"luminousworld:spuds":2,"minecraft:white_bed":2,"minecraft:diorite":2,"minecraft:spruce_log":7,"minecraft:spider_eye":1,"minecraft:dark_oak_planks":1,"minecraft:purple_terracotta":15,"alexsmobs:animal_dictionary":1,"minecraft:arrow":1,"luminousworld:decorative_brown_mushroom_1":1,"minecraft:polished_andesite":6,"minecraft:rotten_flesh":7,"minecraft:diamond_chestplate":1,"minecraft:diamond":6,"minecraft:iron_helmet":1,"minecraft:emerald":5,"minecraft:totem_of_undying":2,"supplementaries:ash":3,"tombstone:magic_scroll":2,"minecraft:bricks":2,"minecraft:mutton":6,"minecraft:white_wool":3},"minecraft:killed":{"minecraft:evoker":2,"minecraft:cave_spider":1,"born_in_chaos_v1:baby_skeleton":1,"minecraft:vindicator":4,"minecraft:sheep":4,"minecraft:skeleton":1,"minecraft:pillager":6,"minecraft:zombie":1,"minecraft:illusioner":1,"born_in_chaos_v1:door_knight":1},"minecraft:broken":{"minecraft:iron_boots":1,"minecraft:iron_helmet":1,"minecraft:wooden_pickaxe":1},"minecraft:killed_by":{"minecraft:vindicator":37,"minecraft:evoker":2,"minecraft:cave_spider":1,"minecraft:skeleton":4,"minecraft:pillager":25,"minecraft:vex":15,"minecraft:illusioner":11},"minecraft:used":{"naturalist:bass":1,"minecraft:polished_andesite":8,"minecraft:wooden_pickaxe":39,"minecraft:iron_sword":132,"minecraft:dirt":11,"minecraft:mutton":4,"minecraft:crafting_table":2,"minecraft:white_bed":3,"minecraft:purple_terracotta":13,"minecraft:dark_oak_planks":1,"minecraft:diamond_pickaxe":68,"minecraft:bricks":2,"quark:spruce_chest":2,"minecraft:melon_slice":5,"minecraft:iron_helmet":1,"minecraft:stone_bricks":4,"minecraft:diamond_chestplate":1,"minecraft:light_gray_wool":1,"minecraft:diamond_sword":1,"minecraft:magenta_terracotta":3,"supplementaries:ash":1,"tombstone:gift":3,"minecraft:oak_boat":2,"minecraft:iron_leggings":1},"minecraft:custom":{"minecraft:mob_kills":22,"tombstone:raider_killed":13,"minecraft:interact_with_crafting_table":13,"minecraft:open_barrel":20,"minecraft:damage_dealt_resisted":1035,"minecraft:leave_game":1,"minecraft:time_since_death":1449,"minecraft:climb_one_cm":1791,"minecraft:time_since_rest":613,"minecraft:sprint_one_cm":280538,"minecraft:damage_taken":27312,"minecraft:walk_one_cm":269048,"minecraft:damage_dealt":8365,"minecraft:swim_one_cm":9026,"minecraft:fly_one_cm":284563,"minecraft:open_chest":31,"tombstone:undead_killed":4,"minecraft:crouch_one_cm":410,"minecraft:play_time":84258,"minecraft:deaths":95,"minecraft:sneak_time":191,"minecraft:walk_under_water_one_cm":1361,"minecraft:boat_one_cm":367380,"minecraft:jump":2429,"minecraft:walk_on_water_one_cm":12202,"minecraft:total_world_time":84258,"minecraft:fall_one_cm":32081}},"DataVersion":3465}