{"stats":{"minecraft:mined":{"minecraft:oak_log":4,"minecraft:dead_bush":1,"minecraft:crafting_table":1},"minecraft:crafted":{"minecraft:oak_boat":1,"minecraft:oak_planks":16,"minecraft:crafting_table":1},"minecraft:picked_up":{"minecraft:crafting_table":1,"naturalist:bass":1,"minecraft:oak_log":4,"minecraft:lily_pad":3,"minecraft:light_gray_wool":1,"minecraft:mutton":5,"minecraft:white_wool":2},"minecraft:killed":{"minecraft:sheep":3},"minecraft:used":{"naturalist:bass":1,"minecraft:crafting_table":1,"minecraft:oak_boat":1},"minecraft:custom":{"minecraft:time_since_rest":12859,"minecraft:crouch_one_cm":408,"minecraft:play_time":12859,"minecraft:sprint_one_cm":4182,"minecraft:damage_taken":20,"minecraft:walk_one_cm":10945,"minecraft:sneak_time":182,"minecraft:walk_under_water_one_cm":202,"minecraft:mob_kills":3,"minecraft:boat_one_cm":332055,"minecraft:jump":73,"minecraft:damage_dealt":240,"minecraft:leave_game":1,"minecraft:time_since_death":12859,"minecraft:walk_on_water_one_cm":3783,"minecraft:total_world_time":12859,"minecraft:climb_one_cm":223,"minecraft:swim_one_cm":8756,"minecraft:interact_with_crafting_table":1,"minecraft:fall_one_cm":836,"minecraft:fly_one_cm":4825}},"DataVersion":3465}