{"stats":{"minecraft:mined":{"minecraft:oak_log":4,"minecraft:dead_bush":1},"minecraft:crafted":{"minecraft:oak_planks":16},"minecraft:picked_up":{"minecraft:oak_log":4},"minecraft:custom":{"minecraft:jump":23,"minecraft:time_since_rest":1474,"minecraft:crouch_one_cm":209,"minecraft:sprint_one_cm":1004,"minecraft:play_time":1474,"minecraft:time_since_death":1474,"minecraft:walk_one_cm":5727,"minecraft:sneak_time":41,"minecraft:climb_one_cm":199,"minecraft:total_world_time":1474,"minecraft:fall_one_cm":627,"minecraft:fly_one_cm":1656}},"DataVersion":3465}