{"stats":{"minecraft:mined":{"minecraft:seagrass":1,"minecraft:fire":16,"minecraft:spruce_log":5,"minecraft:light_gray_wool":1,"luminousworld:mossbuds_3":2,"minecraft:crafting_table":1,"minecraft:grass":1,"minecraft:oak_log":4,"luminousworld:spuds":1,"minecraft:dead_bush":1,"luminousworld:decorative_brown_mushroom_1":1,"minecraft:spruce_leaves":1,"minecraft:stone_bricks":4,"minecraft:polished_andesite":7,"minecraft:diorite":2,"minecraft:fern":5},"minecraft:crafted":{"minecraft:oak_boat":1,"minecraft:oak_planks":16,"minecraft:crafting_table":1,"minecraft:spruce_planks":12,"minecraft:stick":8,"minecraft:wooden_pickaxe":1,"minecraft:iron_sword":1,"minecraft:white_bed":1,"quark:spruce_chest":1},"minecraft:picked_up":{"minecraft:iron_chestplate":1,"minecraft:stick":3,"minecraft:crafting_table":1,"illagerinvasion:platinum_chunk":1,"luminousworld:spuds":1,"minecraft:oak_log":4,"minecraft:lily_pad":3,"minecraft:spruce_log":5,"minecraft:diorite":2,"alexsmobs:animal_dictionary":1,"minecraft:polished_andesite":6,"naturalist:bass":1,"luminousworld:decorative_brown_mushroom_1":1,"minecraft:diamond":6,"minecraft:stone_bricks":4,"minecraft:gold_nugget":30,"minecraft:wheat_seeds":1,"minecraft:spruce_planks":9,"supplementaries:ash":3,"minecraft:oak_boat":1,"minecraft:light_gray_wool":2,"minecraft:mutton":6,"minecraft:white_wool":3},"minecraft:killed":{"minecraft:sheep":4,"minecraft:pillager":2},"minecraft:broken":{"minecraft:wooden_pickaxe":1},"minecraft:killed_by":{"minecraft:vindicator":10,"minecraft:skeleton":2,"minecraft:pillager":18,"minecraft:vex":8,"minecraft:illusioner":10},"minecraft:used":{"naturalist:bass":1,"quark:spruce_chest":1,"minecraft:polished_andesite":4,"minecraft:iron_sword":3,"minecraft:wooden_pickaxe":39,"minecraft:stone_bricks":4,"minecraft:light_gray_wool":1,"minecraft:diamond_sword":1,"minecraft:crafting_table":2,"tombstone:gift":3,"minecraft:white_bed":1,"minecraft:oak_boat":2},"minecraft:custom":{"minecraft:time_since_rest":1,"minecraft:sprint_one_cm":112551,"minecraft:damage_taken":13618,"minecraft:walk_one_cm":134018,"minecraft:mob_kills":6,"tombstone:raider_killed":2,"minecraft:damage_dealt":1517,"minecraft:swim_one_cm":8756,"minecraft:interact_with_crafting_table":9,"minecraft:fly_one_cm":116311,"minecraft:open_barrel":11,"minecraft:open_chest":3,"minecraft:crouch_one_cm":408,"minecraft:play_time":36258,"minecraft:deaths":48,"minecraft:sneak_time":182,"minecraft:walk_under_water_one_cm":546,"minecraft:boat_one_cm":367380,"minecraft:jump":754,"minecraft:walk_on_water_one_cm":5253,"minecraft:leave_game":1,"minecraft:time_since_death":5,"minecraft:climb_one_cm":223,"minecraft:total_world_time":36258,"minecraft:fall_one_cm":9442}},"DataVersion":3465}