{"stats":{"minecraft:mined":{"minecraft:podzol":1,"minecraft:gray_terracotta":2,"minecraft:white_bed":1,"minecraft:gray_stained_glass_pane":2,"minecraft:crafting_table":1,"luminousworld:mossbuds_2":1,"minecraft:grass_block":7,"minecraft:melon":1,"luminousworld:spuds":1,"minecraft:dead_bush":1,"luminousworld:decorative_brown_mushroom_1":1,"minecraft:spruce_leaves":8,"minecraft:diorite":2,"minecraft:seagrass":1,"minecraft:furnace":1,"minecraft:magenta_terracotta":3,"minecraft:fire":16,"minecraft:spruce_log":7,"minecraft:light_gray_wool":1,"luminousworld:mossbuds_3":2,"minecraft:enchanting_table":1,"minecraft:grass":1,"minecraft:oak_log":4,"minecraft:dirt":2,"minecraft:polished_andesite":7,"minecraft:stone_bricks":6,"minecraft:fern":8},"minecraft:crafted":{"minecraft:oak_planks":16,"minecraft:crafting_table":1,"minecraft:spruce_planks":24,"minecraft:wooden_pickaxe":1,"minecraft:iron_sword":1,"minecraft:oak_boat":1,"minecraft:diamond_pickaxe":1,"minecraft:stick":8,"minecraft:white_bed":1,"quark:spruce_chest":2},"minecraft:picked_up":{"minecraft:crafting_table":1,"minecraft:iron_chestplate":1,"illagerinvasion:platinum_chunk":2,"friendsandfoes:totem_of_illusion":1,"aether:iron_gloves":1,"minecraft:oak_log":4,"minecraft:lily_pad":3,"minecraft:magenta_terracotta":3,"minecraft:dirt":10,"minecraft:iron_leggings":1,"naturalist:bass":1,"minecraft:bone":2,"minecraft:stone_bricks":5,"minecraft:gray_terracotta":2,"minecraft:wheat_seeds":1,"minecraft:gold_nugget":30,"minecraft:bucket":1,"minecraft:spruce_planks":9,"minecraft:oak_boat":1,"minecraft:light_gray_wool":2,"minecraft:melon_slice":5,"minecraft:mangrove_log":2,"minecraft:furnace":1,"minecraft:stick":3,"luminousworld:spuds":1,"minecraft:white_bed":1,"minecraft:diorite":2,"minecraft:spruce_log":7,"alexsmobs:animal_dictionary":1,"minecraft:arrow":1,"luminousworld:decorative_brown_mushroom_1":1,"minecraft:polished_andesite":6,"minecraft:rotten_flesh":7,"minecraft:diamond_chestplate":1,"minecraft:diamond":6,"minecraft:iron_helmet":1,"minecraft:emerald":3,"minecraft:totem_of_undying":2,"supplementaries:ash":3,"tombstone:magic_scroll":2,"minecraft:mutton":6,"minecraft:white_wool":3},"minecraft:killed":{"minecraft:evoker":2,"born_in_chaos_v1:baby_skeleton":1,"minecraft:vindicator":2,"minecraft:sheep":4,"minecraft:skeleton":1,"minecraft:pillager":5,"minecraft:zombie":1,"minecraft:illusioner":1,"born_in_chaos_v1:door_knight":1},"minecraft:broken":{"minecraft:wooden_pickaxe":1},"minecraft:killed_by":{"minecraft:vindicator":29,"minecraft:evoker":2,"minecraft:skeleton":4,"minecraft:pillager":25,"minecraft:vex":13,"minecraft:illusioner":11},"minecraft:used":{"naturalist:bass":1,"minecraft:polished_andesite":8,"minecraft:wooden_pickaxe":39,"minecraft:iron_sword":102,"minecraft:dirt":9,"minecraft:mutton":4,"minecraft:crafting_table":2,"minecraft:white_bed":2,"minecraft:diamond_pickaxe":11,"quark:spruce_chest":2,"minecraft:melon_slice":4,"minecraft:iron_helmet":1,"minecraft:stone_bricks":4,"minecraft:diamond_chestplate":1,"minecraft:light_gray_wool":1,"minecraft:diamond_sword":1,"supplementaries:ash":1,"tombstone:gift":3,"minecraft:oak_boat":2,"minecraft:iron_leggings":1},"minecraft:custom":{"minecraft:mob_kills":18,"tombstone:raider_killed":10,"minecraft:interact_with_crafting_table":13,"minecraft:open_barrel":19,"minecraft:damage_dealt_resisted":1035,"minecraft:leave_game":1,"minecraft:time_since_death":0,"minecraft:climb_one_cm":1791,"minecraft:time_since_rest":18,"minecraft:sprint_one_cm":244555,"minecraft:damage_taken":23782,"minecraft:walk_one_cm":230773,"minecraft:damage_dealt":6640,"minecraft:swim_one_cm":9026,"minecraft:fly_one_cm":253644,"minecraft:open_chest":25,"tombstone:undead_killed":4,"minecraft:crouch_one_cm":409,"minecraft:play_time":72258,"minecraft:deaths":84,"minecraft:sneak_time":183,"minecraft:walk_under_water_one_cm":1361,"minecraft:boat_one_cm":367380,"minecraft:jump":2065,"minecraft:walk_on_water_one_cm":12202,"minecraft:total_world_time":72258,"minecraft:fall_one_cm":25793}},"DataVersion":3465}