{"stats":{"minecraft:mined":{"minecraft:podzol":1,"minecraft:gray_stained_glass_pane":2,"minecraft:crafting_table":1,"minecraft:grass_block":5,"luminousworld:spuds":1,"minecraft:dead_bush":1,"luminousworld:decorative_brown_mushroom_1":1,"minecraft:spruce_leaves":1,"minecraft:diorite":2,"minecraft:seagrass":1,"minecraft:fire":16,"minecraft:spruce_log":5,"minecraft:light_gray_wool":1,"luminousworld:mossbuds_3":2,"minecraft:grass":1,"minecraft:oak_log":4,"minecraft:dirt":1,"minecraft:polished_andesite":7,"minecraft:stone_bricks":4,"minecraft:fern":5},"minecraft:crafted":{"minecraft:oak_planks":16,"minecraft:crafting_table":1,"minecraft:spruce_planks":12,"minecraft:wooden_pickaxe":1,"minecraft:iron_sword":1,"minecraft:oak_boat":1,"minecraft:stick":8,"minecraft:white_bed":1,"quark:spruce_chest":1},"minecraft:picked_up":{"minecraft:crafting_table":1,"minecraft:iron_chestplate":1,"illagerinvasion:platinum_chunk":2,"aether:iron_gloves":1,"minecraft:oak_log":4,"minecraft:lily_pad":3,"minecraft:dirt":7,"naturalist:bass":1,"minecraft:bone":2,"minecraft:stone_bricks":4,"minecraft:wheat_seeds":1,"minecraft:gold_nugget":30,"minecraft:spruce_planks":9,"minecraft:oak_boat":1,"minecraft:light_gray_wool":2,"minecraft:stick":3,"luminousworld:spuds":1,"minecraft:diorite":2,"minecraft:spruce_log":5,"alexsmobs:animal_dictionary":1,"luminousworld:decorative_brown_mushroom_1":1,"minecraft:polished_andesite":6,"minecraft:diamond":6,"minecraft:emerald":1,"minecraft:totem_of_undying":1,"supplementaries:ash":3,"minecraft:mutton":6,"minecraft:white_wool":3},"minecraft:killed":{"minecraft:evoker":1,"minecraft:sheep":4,"minecraft:pillager":4},"minecraft:broken":{"minecraft:wooden_pickaxe":1},"minecraft:killed_by":{"minecraft:vindicator":20,"minecraft:skeleton":3,"minecraft:pillager":20,"minecraft:vex":10,"minecraft:illusioner":11},"minecraft:used":{"naturalist:bass":1,"minecraft:polished_andesite":8,"minecraft:wooden_pickaxe":39,"minecraft:iron_sword":25,"minecraft:dirt":2,"minecraft:mutton":2,"minecraft:crafting_table":2,"minecraft:white_bed":1,"quark:spruce_chest":1,"minecraft:stone_bricks":4,"minecraft:light_gray_wool":1,"minecraft:diamond_sword":1,"tombstone:gift":3,"minecraft:oak_boat":2},"minecraft:custom":{"minecraft:mob_kills":9,"tombstone:raider_killed":5,"minecraft:interact_with_crafting_table":9,"minecraft:open_barrel":14,"minecraft:leave_game":1,"minecraft:time_since_death":323,"minecraft:climb_one_cm":1287,"minecraft:time_since_rest":67,"minecraft:sprint_one_cm":156488,"minecraft:damage_taken":18553,"minecraft:walk_one_cm":161942,"minecraft:damage_dealt":3078,"minecraft:swim_one_cm":9026,"minecraft:fly_one_cm":164440,"minecraft:open_chest":9,"minecraft:crouch_one_cm":409,"minecraft:play_time":48258,"minecraft:deaths":64,"minecraft:sneak_time":183,"minecraft:walk_under_water_one_cm":1361,"minecraft:boat_one_cm":367380,"minecraft:jump":1312,"minecraft:walk_on_water_one_cm":11343,"minecraft:total_world_time":48258,"minecraft:fall_one_cm":14504}},"DataVersion":3465}