{"stats":{"minecraft:dropped":{"minecraft:wheat_seeds":3,"minecraft:wooden_pickaxe":1},"minecraft:custom":{"minecraft:time_since_rest":52441,"minecraft:interact_with_furnace":6,"minecraft:sprint_one_cm":65764,"minecraft:damage_taken":215,"minecraft:walk_one_cm":137053,"minecraft:mob_kills":8,"minecraft:drop":4,"minecraft:damage_dealt":1348,"minecraft:player_kills":1,"minecraft:interact_with_crafting_table":16,"minecraft:fly_one_cm":72948,"minecraft:crouch_one_cm":360,"minecraft:play_time":52441,"minecraft:sneak_time":34,"minecraft:jump":522,"minecraft:walk_on_water_one_cm":801,"minecraft:time_since_death":52441,"minecraft:total_world_time":52441,"minecraft:fall_one_cm":8296},"minecraft:crafted":{"minecraft:cooked_porkchop":4,"minecraft:iron_axe":1,"minecraft:crafting_table":2,"minecraft:spruce_planks":32,"minecraft:stick":12,"minecraft:iron_ingot":3,"minecraft:wooden_pickaxe":1,"minecraft:stone_pickaxe":2,"minecraft:spruce_door":3,"minecraft:furnace":1,"minecraft:stone_axe":2},"minecraft:picked_up":{"minecraft:raw_iron":3,"minecraft:coarse_dirt":3,"minecraft:chicken":2,"minecraft:feather":2,"minecraft:torch":2,"minecraft:gravel":2,"minecraft:porkchop":8,"minecraft:spruce_sapling":1,"minecraft:diorite":4,"minecraft:spruce_log":23,"minecraft:spruce_door":2,"minecraft:mossy_cobblestone":3,"minecraft:dirt":23,"minecraft:raw_copper":15,"minecraft:rotten_flesh":2,"minecraft:wheat_seeds":8,"minecraft:granite":16,"minecraft:cobblestone":207,"minecraft:egg":2},"minecraft:broken":{"minecraft:stone_pickaxe":1},"minecraft:mined":{"minecraft:coarse_dirt":5,"minecraft:mossy_cobblestone":3,"minecraft:spruce_log":25,"minecraft:spruce_door":2,"minecraft:granite":16,"minecraft:grass":4,"minecraft:gravel":2,"minecraft:dirt":25,"minecraft:copper_ore":4,"minecraft:cobblestone":7,"minecraft:spruce_leaves":5,"minecraft:stone":205,"minecraft:diorite":4,"minecraft:fern":22},"minecraft:killed":{"minecraft:zombie":2,"minecraft:pig":3,"minecraft:chicken":2,"minecraft:spider":1},"minecraft:used":{"minecraft:spruce_door":5,"minecraft:stone_pickaxe":241,"minecraft:wooden_pickaxe":54,"minecraft:spruce_sapling":1,"minecraft:stone_axe":55,"minecraft:dirt":23,"minecraft:cobblestone":92,"minecraft:crafting_table":2,"minecraft:cooked_porkchop":2,"minecraft:furnace":1,"minecraft:porkchop":4,"minecraft:egg":1,"minecraft:coarse_dirt":3}},"DataVersion":3120}