{"stats":{"minecraft:custom":{"minecraft:time_since_rest":11215,"minecraft:play_one_minute":11215,"minecraft:crouch_one_cm":52,"minecraft:sprint_one_cm":31577,"minecraft:walk_one_cm":25296,"minecraft:sneak_time":6,"minecraft:mob_kills":7,"minecraft:drop":7,"minecraft:jump":423,"minecraft:damage_dealt":557,"minecraft:time_since_death":11215,"minecraft:interact_with_crafting_table":2,"minecraft:fall_one_cm":13242,"minecraft:fly_one_cm":114166},"minecraft:mined":{"minecraft:granite":8,"minecraft:grass":31,"minecraft:acacia_log":6,"minecraft:grass_block":2,"minecraft:acacia_leaves":2,"minecraft:dirt":3,"minecraft:tall_grass":11,"minecraft:stone":62,"minecraft:diorite":4},"minecraft:crafted":{"minecraft:acacia_planks":20,"minecraft:crafting_table":1,"minecraft:stick":4,"minecraft:stone_pickaxe":1,"minecraft:wooden_pickaxe":1},"minecraft:used":{"minecraft:dirt":4,"minecraft:beef":3,"minecraft:crafting_table":1,"minecraft:stone_pickaxe":98,"minecraft:wooden_pickaxe":6},"minecraft:killed":{"minecraft:chicken":3,"minecraft:cow":4},"minecraft:dropped":{"minecraft:wheat_seeds":7},"minecraft:picked_up":{"minecraft:feather":4,"minecraft:chicken":3,"minecraft:leather":7,"minecraft:wheat_seeds":7,"minecraft:acacia_log":5,"minecraft:granite":8,"minecraft:beef":9,"minecraft:diorite":4,"minecraft:dirt":5,"minecraft:cobblestone":62,"minecraft:egg":4}},"DataVersion":2586}