{"stats":{"minecraft:picked_up":{"minecraft:oak_log":3,"minecraft:dirt":1,"minecraft:mutton":1,"minecraft:white_wool":1},"minecraft:used":{"minecraft:crafting_table":1,"minecraft:wooden_pickaxe":1},"minecraft:killed":{"minecraft:sheep":1},"minecraft:mined":{"minecraft:grass":2,"minecraft:grass_block":1,"minecraft:oak_log":3,"minecraft:tall_grass":2},"minecraft:crafted":{"minecraft:oak_planks":12,"minecraft:crafting_table":1,"minecraft:stick":4,"minecraft:wooden_pickaxe":1},"minecraft:custom":{"minecraft:time_since_rest":8077,"minecraft:crouch_one_cm":26,"minecraft:sprint_one_cm":10607,"minecraft:play_time":8077,"minecraft:walk_one_cm":8058,"minecraft:sneak_time":1,"minecraft:mob_kills":1,"minecraft:jump":112,"minecraft:damage_dealt":80,"minecraft:leave_game":2,"minecraft:time_since_death":8077,"minecraft:total_world_time":8077,"minecraft:interact_with_crafting_table":1,"minecraft:fall_one_cm":3404,"minecraft:fly_one_cm":25530}},"DataVersion":3465}