{"stats":{"minecraft:killed":{"minecraft:sheep":1,"minecraft:zombie":1},"minecraft:used":{"minecraft:crafting_table":1,"minecraft:wooden_pickaxe":19},"minecraft:custom":{"minecraft:time_since_rest":3831,"tombstone:undead_killed":1,"minecraft:deaths":1,"minecraft:crouch_one_cm":26,"minecraft:sprint_one_cm":14617,"minecraft:play_time":13790,"minecraft:damage_taken":275,"minecraft:walk_one_cm":16917,"minecraft:sneak_time":1,"minecraft:mob_kills":2,"minecraft:drop":2,"minecraft:jump":159,"minecraft:damage_dealt":256,"minecraft:leave_game":3,"minecraft:time_since_death":4190,"minecraft:total_world_time":13790,"minecraft:interact_with_crafting_table":1,"minecraft:fall_one_cm":4031,"minecraft:fly_one_cm":35015},"minecraft:killed_by":{"minecraft:zombie":1},"minecraft:dropped":{"minecraft:stick":2},"minecraft:crafted":{"minecraft:oak_planks":12,"minecraft:crafting_table":1,"minecraft:stick":4,"minecraft:wooden_pickaxe":1},"minecraft:mined":{"minecraft:grass":5,"minecraft:grass_block":1,"minecraft:oak_log":3,"minecraft:tall_grass":2,"minecraft:azure_bluet":1},"minecraft:picked_up":{"minecraft:stick":2,"minecraft:rotten_flesh":1,"minecraft:wheat_seeds":1,"minecraft:oak_log":3,"minecraft:dirt":1,"minecraft:mutton":1,"minecraft:white_wool":1}},"DataVersion":3465}