{"stats":{"minecraft:picked_up":{"minecraft:oak_log":4},"minecraft:custom":{"minecraft:jump":94,"minecraft:time_since_rest":4838,"minecraft:walk_on_water_one_cm":853,"minecraft:damage_dealt":30,"minecraft:crouch_one_cm":507,"minecraft:sprint_one_cm":13186,"minecraft:play_time":4838,"minecraft:time_since_death":4838,"minecraft:walk_one_cm":10134,"minecraft:climb_one_cm":791,"minecraft:sneak_time":156,"minecraft:total_world_time":4838,"minecraft:fall_one_cm":2090,"minecraft:fly_one_cm":23158},"minecraft:used":{"minecraft:oak_log":1},"minecraft:mined":{"minecraft:grass":1,"minecraft:oak_log":4},"minecraft:crafted":{"minecraft:oak_planks":4}},"DataVersion":3465}