{"stats":{"minecraft:picked_up":{"minecraft:oak_log":4,"minecraft:skeleton_skull":1,"ecologics:crab_claw":1},"minecraft:custom":{"minecraft:time_since_rest":2380,"minecraft:crouch_one_cm":563,"minecraft:damage_taken":320,"minecraft:sprint_one_cm":41068,"minecraft:play_time":13916,"minecraft:deaths":1,"minecraft:walk_one_cm":42781,"minecraft:sneak_time":162,"minecraft:trigger_trapped_chest":1,"minecraft:walk_under_water_one_cm":954,"minecraft:jump":459,"minecraft:damage_dealt":46,"minecraft:leave_game":2,"minecraft:time_since_death":4779,"minecraft:walk_on_water_one_cm":4971,"minecraft:climb_one_cm":1819,"minecraft:total_world_time":13916,"minecraft:fall_one_cm":6538,"minecraft:fly_one_cm":101336},"minecraft:used":{"minecraft:oak_log":1},"minecraft:killed_by":{"iceandfire:ghost":1},"minecraft:mined":{"minecraft:skeleton_skull":1,"minecraft:grass":4,"minecraft:oak_log":4,"minecraft:vine":1,"luminousworld:grassvariant_2":1},"minecraft:crafted":{"minecraft:oak_planks":4}},"DataVersion":3465}