{"stats":{"minecraft:killed_by":{"iceandfire:ghost":2},"minecraft:mined":{"minecraft:skeleton_skull":1,"minecraft:grass":4,"minecraft:oak_log":10,"minecraft:vine":1,"luminousworld:grassvariant_4":1,"luminousworld:grassvariant_2":1},"minecraft:used":{"minecraft:oak_log":1},"minecraft:crafted":{"minecraft:oak_planks":36},"minecraft:custom":{"minecraft:time_since_rest":1,"minecraft:crouch_one_cm":563,"minecraft:damage_taken":465,"minecraft:play_time":18213,"minecraft:sprint_one_cm":49713,"minecraft:deaths":2,"minecraft:walk_one_cm":50895,"minecraft:sneak_time":162,"minecraft:trigger_trapped_chest":1,"minecraft:walk_under_water_one_cm":954,"minecraft:jump":614,"minecraft:damage_dealt":76,"minecraft:leave_game":4,"minecraft:time_since_death":1884,"minecraft:walk_on_water_one_cm":6088,"minecraft:climb_one_cm":1887,"minecraft:total_world_time":18213,"minecraft:fall_one_cm":8754,"minecraft:fly_one_cm":133636},"minecraft:picked_up":{"minecraft:oak_log":10,"minecraft:skeleton_skull":1,"ecologics:crab_claw":1}},"DataVersion":3465}