{"stats":{"minecraft:killed_by":{"iceandfire:ghost":4},"minecraft:mined":{"minecraft:skeleton_skull":1,"minecraft:grass":4,"minecraft:oak_log":15,"minecraft:vine":1,"luminousworld:grassvariant_4":1,"luminousworld:grassvariant_2":1,"minecraft:oak_leaves":29},"minecraft:used":{"minecraft:oak_log":1,"ecologics:crab_claw":11,"minecraft:oak_planks":13},"minecraft:crafted":{"minecraft:oak_planks":56},"minecraft:custom":{"minecraft:time_since_rest":1,"minecraft:crouch_one_cm":563,"minecraft:damage_taken":965,"minecraft:play_time":30035,"minecraft:sprint_one_cm":85182,"minecraft:deaths":4,"minecraft:walk_one_cm":81999,"minecraft:sneak_time":162,"minecraft:trigger_trapped_chest":1,"minecraft:walk_under_water_one_cm":2597,"minecraft:jump":1057,"minecraft:damage_dealt":91,"minecraft:leave_game":4,"minecraft:time_since_death":2353,"minecraft:walk_on_water_one_cm":9865,"minecraft:climb_one_cm":2248,"minecraft:total_world_time":30035,"minecraft:fall_one_cm":18762,"minecraft:fly_one_cm":221687},"minecraft:picked_up":{"minecraft:stick":2,"minecraft:oak_log":15,"minecraft:oak_sapling":2,"minecraft:oak_leaves":10,"minecraft:skeleton_skull":1,"ecologics:crab_claw":1}},"DataVersion":3465}