{"stats":{"minecraft:custom":{"minecraft:time_since_rest":13687,"minecraft:damage_taken":150,"minecraft:sprint_one_cm":38827,"minecraft:walk_one_cm":35928,"minecraft:mob_kills":10,"minecraft:drop":7,"minecraft:damage_dealt":968,"minecraft:interact_with_crafting_table":2,"minecraft:fly_one_cm":140965,"minecraft:crouch_one_cm":52,"minecraft:play_one_minute":13687,"minecraft:sneak_time":6,"minecraft:jump":520,"minecraft:leave_game":1,"minecraft:time_since_death":13687,"minecraft:fall_one_cm":15181},"minecraft:mined":{"minecraft:acacia_leaves":2,"minecraft:granite":8,"minecraft:grass":36,"minecraft:acacia_log":6,"minecraft:grass_block":2,"minecraft:dirt":3,"minecraft:tall_grass":13,"minecraft:stone":62,"minecraft:diorite":4},"minecraft:crafted":{"minecraft:crafting_table":1,"minecraft:stick":4,"minecraft:wooden_pickaxe":1,"minecraft:stone_pickaxe":1,"minecraft:acacia_planks":20},"minecraft:used":{"minecraft:stone_pickaxe":114,"minecraft:wooden_pickaxe":14,"minecraft:dirt":4,"minecraft:beef":3,"minecraft:crafting_table":1,"minecraft:porkchop":2},"minecraft:killed":{"minecraft:pig":2,"minecraft:chicken":3,"minecraft:cow":5},"minecraft:dropped":{"minecraft:wheat_seeds":7},"minecraft:picked_up":{"minecraft:feather":4,"minecraft:chicken":3,"minecraft:leather":8,"minecraft:acacia_log":5,"minecraft:porkchop":2,"minecraft:diorite":4,"minecraft:dirt":5,"minecraft:wheat_seeds":9,"minecraft:beef":11,"minecraft:granite":8,"minecraft:cobblestone":62,"minecraft:egg":4},"minecraft:broken":{"minecraft:stone_pickaxe":1}},"DataVersion":2586}