{"stats":{"minecraft:used":{"minecraft:wooden_axe":32,"minecraft:crafting_table":1},"minecraft:custom":{"minecraft:jump":23,"minecraft:time_since_rest":6872,"minecraft:leave_game":1,"minecraft:sprint_one_cm":2214,"minecraft:play_time":6872,"minecraft:time_since_death":6872,"minecraft:walk_one_cm":3653,"minecraft:total_world_time":6872,"minecraft:interact_with_crafting_table":1,"minecraft:fall_one_cm":1105,"minecraft:fly_one_cm":4741},"minecraft:crafted":{"minecraft:crafting_table":1,"minecraft:oak_planks":12,"minecraft:stick":4,"minecraft:wooden_axe":1},"minecraft:mined":{"minecraft:grass":1,"minecraft:oak_log":19,"minecraft:oak_leaves":11},"minecraft:picked_up":{"minecraft:stick":2,"minecraft:oak_log":19,"minecraft:oak_sapling":2,"minecraft:wheat_seeds":1}},"DataVersion":3465}