{"stats":{"minecraft:mined":{"minecraft:skeleton_skull":1,"minecraft:white_bed":1,"minecraft:spruce_planks":8,"luminousworld:grassvariant_4":1,"minecraft:grass":4,"minecraft:oak_log":15,"minecraft:vine":1,"luminousworld:spuds":1,"minecraft:sand":1,"minecraft:dirt":1,"luminousworld:grassvariant_2":1,"luminousworld:blackberrybush":1,"ecologics:coconut_log":7,"minecraft:stone":5,"minecraft:oak_planks":1,"minecraft:white_wool":3,"minecraft:oak_leaves":31},"minecraft:crafted":{"minecraft:oak_planks":56,"minecraft:crafting_table":2,"ecologics:coconut_planks":28,"minecraft:stone_pickaxe":1,"minecraft:white_bed":1},"minecraft:picked_up":{"minecraft:stick":4,"minecraft:wooden_pickaxe":1,"minecraft:sand":6,"minecraft:oak_log":15,"tombstone:grave_key":1,"minecraft:white_bed":1,"minecraft:dirt":17,"minecraft:rotten_flesh":1,"minecraft:spruce_planks":8,"ecologics:coconut_log":7,"minecraft:oak_boat":1,"minecraft:oak_sapling":2,"minecraft:white_wool":3,"ecologics:crab_claw":1,"minecraft:oak_leaves":10,"minecraft:skeleton_skull":1,"iceandfire:raw_silver":1,"minecraft:cobblestone":3},"minecraft:dropped":{"tombstone:grave_key":3},"minecraft:killed_by":{"iceandfire:ghost":4,"undead_revamp2:the_moonflower":1},"minecraft:used":{"minecraft:oak_log":1,"ecologics:crab_claw":11,"minecraft:oak_planks":13,"minecraft:wooden_pickaxe":5,"minecraft:dirt":14,"minecraft:sand":2,"minecraft:crafting_table":1,"minecraft:white_bed":1},"minecraft:custom":{"minecraft:time_since_rest":8576,"minecraft:sprint_one_cm":114029,"minecraft:damage_taken":1570,"minecraft:walk_one_cm":125101,"minecraft:trigger_trapped_chest":1,"minecraft:drop":3,"minecraft:damage_dealt":91,"minecraft:swim_one_cm":4262,"minecraft:interact_with_crafting_table":2,"minecraft:fly_one_cm":308338,"minecraft:open_chest":2,"minecraft:crouch_one_cm":1848,"minecraft:play_time":50884,"minecraft:deaths":6,"minecraft:sneak_time":561,"minecraft:walk_under_water_one_cm":7509,"minecraft:boat_one_cm":46880,"minecraft:jump":1470,"minecraft:leave_game":4,"minecraft:time_since_death":10975,"minecraft:walk_on_water_one_cm":38914,"minecraft:climb_one_cm":7126,"minecraft:total_world_time":50884,"minecraft:fall_one_cm":28217}},"DataVersion":3465}