{"stats":{"minecraft:mined":{"luminousworld:white_petunias":1,"minecraft:podzol":1,"minecraft:spruce_planks":8,"minecraft:white_bed":1,"minecraft:glass_pane":3,"luminousworld:grassvariant_4":3,"minecraft:cobblestone_stairs":5,"minecraft:grass_block":1,"luminousworld:spuds":1,"luminousworld:grassvariant_2":1,"minecraft:cobblestone":2,"luminousworld:blackberrybush":1,"ecologics:coconut_log":7,"minecraft:spruce_leaves":1,"minecraft:oak_planks":1,"minecraft:skeleton_skull":1,"minecraft:stone_brick_stairs":3,"minecraft:grass":4,"minecraft:oak_log":30,"minecraft:cobblestone_slab":1,"minecraft:vine":1,"minecraft:sand":1,"minecraft:dirt":1,"minecraft:stone":10,"minecraft:stone_bricks":7,"minecraft:white_wool":3,"minecraft:oak_leaves":38},"minecraft:crafted":{"minecraft:oak_planks":116,"minecraft:crafting_table":3,"ecologics:coconut_planks":28,"minecraft:stick":4,"minecraft:stone_pickaxe":1,"minecraft:white_bed":1},"minecraft:picked_up":{"minecraft:iron_chestplate":1,"minecraft:wooden_pickaxe":1,"aether:iron_gloves":1,"minecraft:stone_brick_stairs":1,"minecraft:oak_log":31,"tombstone:grave_key":1,"minecraft:cobblestone_stairs":5,"minecraft:dirt":24,"minecraft:iron_leggings":1,"minecraft:stone_bricks":4,"minecraft:spruce_planks":8,"minecraft:cobblestone_slab":1,"minecraft:oak_boat":1,"minecraft:iron_nugget":5,"minecraft:iron_pickaxe":1,"luminousworld:white_petunias":1,"minecraft:melon_slice":25,"minecraft:iron_sword":1,"ecologics:crab_claw":1,"minecraft:iron_boots":1,"minecraft:stick":4,"minecraft:torch":1,"minecraft:sand":6,"minecraft:white_bed":1,"minecraft:rotten_flesh":1,"ecologics:coconut_log":7,"minecraft:bread":46,"minecraft:oak_sapling":5,"iceandfire:raw_silver":1,"minecraft:skeleton_skull":1,"minecraft:oak_leaves":10,"minecraft:white_wool":3,"minecraft:cobblestone":16},"minecraft:killed":{"illagerinvasion:basher":1,"illagerinvasion:provoker":1},"minecraft:dropped":{"minecraft:bread":1,"minecraft:oak_planks":1,"tombstone:grave_key":3},"minecraft:used":{"ecologics:crab_claw":11,"minecraft:oak_planks":57,"minecraft:wooden_pickaxe":5,"minecraft:iron_sword":14,"minecraft:dirt":21,"minecraft:sand":2,"minecraft:crafting_table":2,"minecraft:white_bed":2,"minecraft:oak_log":1,"minecraft:melon_slice":7,"minecraft:bread":5,"minecraft:iron_pickaxe":24,"minecraft:cobblestone":4},"minecraft:killed_by":{"minecraft:vindicator":3,"undead_revamp2:the_moonflower":1,"iceandfire:ghost":4},"minecraft:custom":{"minecraft:mob_kills":2,"tombstone:raider_killed":2,"minecraft:interact_with_crafting_table":3,"minecraft:leave_game":5,"minecraft:time_since_death":4947,"minecraft:climb_one_cm":7126,"minecraft:time_since_rest":4656,"minecraft:sprint_one_cm":136424,"minecraft:damage_taken":2744,"minecraft:walk_one_cm":182598,"minecraft:trigger_trapped_chest":1,"minecraft:drop":5,"minecraft:damage_dealt":461,"minecraft:swim_one_cm":6997,"minecraft:fly_one_cm":347891,"minecraft:open_chest":3,"minecraft:crouch_one_cm":2345,"minecraft:play_time":65846,"minecraft:deaths":9,"minecraft:sneak_time":616,"minecraft:walk_under_water_one_cm":19081,"minecraft:boat_one_cm":46880,"minecraft:jump":1914,"minecraft:walk_on_water_one_cm":66170,"minecraft:total_world_time":65846,"minecraft:fall_one_cm":36906}},"DataVersion":3465}