{"stats":{"minecraft:killed_by":{"iceandfire:ghost":4,"undead_revamp2:the_moonflower":1},"minecraft:mined":{"minecraft:skeleton_skull":1,"luminousworld:grassvariant_4":1,"minecraft:grass":4,"minecraft:oak_log":15,"minecraft:vine":1,"minecraft:sand":1,"luminousworld:grassvariant_2":1,"minecraft:stone":5,"minecraft:oak_leaves":31},"minecraft:used":{"minecraft:oak_log":1,"ecologics:crab_claw":11,"minecraft:oak_planks":13,"minecraft:wooden_pickaxe":5,"minecraft:sand":1},"minecraft:crafted":{"minecraft:oak_planks":56,"minecraft:stone_pickaxe":1},"minecraft:custom":{"minecraft:time_since_rest":1422,"minecraft:sprint_one_cm":91894,"minecraft:damage_taken":1305,"minecraft:walk_one_cm":94308,"minecraft:trigger_trapped_chest":1,"minecraft:drop":2,"minecraft:damage_dealt":91,"minecraft:interact_with_crafting_table":1,"minecraft:fly_one_cm":242407,"minecraft:crouch_one_cm":563,"minecraft:play_time":36035,"minecraft:deaths":5,"minecraft:sneak_time":162,"minecraft:walk_under_water_one_cm":2761,"minecraft:boat_one_cm":46880,"minecraft:jump":1177,"minecraft:leave_game":4,"minecraft:walk_on_water_one_cm":10564,"minecraft:time_since_death":3821,"minecraft:total_world_time":36035,"minecraft:climb_one_cm":3888,"minecraft:fall_one_cm":23913},"minecraft:picked_up":{"minecraft:stick":4,"minecraft:wooden_pickaxe":1,"minecraft:sand":6,"minecraft:oak_log":15,"tombstone:grave_key":1,"minecraft:dirt":16,"minecraft:rotten_flesh":1,"minecraft:oak_sapling":2,"minecraft:skeleton_skull":1,"minecraft:oak_leaves":10,"minecraft:cobblestone":3,"ecologics:crab_claw":1},"minecraft:dropped":{"tombstone:grave_key":2}},"DataVersion":3465}