{"stats":{"minecraft:dropped":{"minecraft:wheat_seeds":3,"minecraft:wooden_pickaxe":1},"minecraft:custom":{"minecraft:time_since_rest":16441,"minecraft:sprint_one_cm":34321,"minecraft:damage_taken":120,"minecraft:walk_one_cm":50844,"minecraft:mob_kills":2,"minecraft:drop":4,"minecraft:damage_dealt":439,"minecraft:player_kills":1,"minecraft:interact_with_crafting_table":9,"minecraft:fly_one_cm":41348,"minecraft:crouch_one_cm":360,"minecraft:play_time":16441,"minecraft:sneak_time":34,"minecraft:jump":253,"minecraft:time_since_death":16441,"minecraft:total_world_time":16441,"minecraft:fall_one_cm":4445},"minecraft:crafted":{"minecraft:crafting_table":2,"minecraft:spruce_planks":28,"minecraft:stick":8,"minecraft:wooden_pickaxe":1,"minecraft:stone_pickaxe":1,"minecraft:spruce_door":3,"minecraft:stone_axe":1},"minecraft:picked_up":{"minecraft:coarse_dirt":3,"minecraft:porkchop":2,"minecraft:spruce_sapling":1,"minecraft:diorite":4,"minecraft:spruce_log":22,"minecraft:spruce_door":1,"minecraft:mossy_cobblestone":3,"minecraft:dirt":13,"minecraft:raw_copper":15,"minecraft:wheat_seeds":6,"minecraft:granite":16,"minecraft:cobblestone":103,"minecraft:egg":1},"minecraft:mined":{"minecraft:coarse_dirt":4,"minecraft:mossy_cobblestone":3,"minecraft:spruce_log":24,"minecraft:spruce_door":1,"minecraft:granite":16,"minecraft:grass":4,"minecraft:dirt":15,"minecraft:copper_ore":4,"minecraft:cobblestone":7,"minecraft:spruce_leaves":5,"minecraft:stone":97,"minecraft:diorite":4,"minecraft:fern":17},"minecraft:killed":{"minecraft:pig":1,"minecraft:spider":1},"minecraft:used":{"minecraft:spruce_door":3,"minecraft:stone_pickaxe":127,"minecraft:wooden_pickaxe":54,"minecraft:spruce_sapling":1,"minecraft:stone_axe":28,"minecraft:cobblestone":51,"minecraft:crafting_table":2,"minecraft:porkchop":2}},"DataVersion":3120}