{"stats":{"minecraft:dropped":{"minecraft:wheat_seeds":3},"minecraft:custom":{"minecraft:jump":111,"minecraft:time_since_rest":4441,"minecraft:crouch_one_cm":360,"minecraft:sprint_one_cm":9980,"minecraft:play_time":4441,"minecraft:damage_taken":70,"minecraft:time_since_death":4441,"minecraft:walk_one_cm":13201,"minecraft:sneak_time":34,"minecraft:total_world_time":4441,"minecraft:drop":3,"minecraft:fall_one_cm":3396,"minecraft:fly_one_cm":22053},"minecraft:picked_up":{"minecraft:spruce_sapling":1,"minecraft:spruce_log":1,"minecraft:wheat_seeds":4},"minecraft:mined":{"minecraft:spruce_log":1,"minecraft:spruce_leaves":4,"minecraft:fern":2}},"DataVersion":3120}