{"stats":{"minecraft:mined":{"minecraft:podzol":1,"minecraft:skeleton_skull":1,"minecraft:white_bed":1,"minecraft:spruce_planks":8,"luminousworld:grassvariant_4":2,"minecraft:grass":4,"minecraft:grass_block":1,"minecraft:oak_log":17,"minecraft:vine":1,"luminousworld:spuds":1,"minecraft:sand":1,"minecraft:dirt":1,"luminousworld:grassvariant_2":1,"minecraft:spruce_leaves":1,"luminousworld:blackberrybush":1,"ecologics:coconut_log":7,"minecraft:stone":5,"minecraft:oak_planks":1,"minecraft:white_wool":3,"minecraft:oak_leaves":31},"minecraft:crafted":{"minecraft:oak_planks":64,"minecraft:crafting_table":3,"ecologics:coconut_planks":28,"minecraft:stick":4,"minecraft:stone_pickaxe":1,"minecraft:white_bed":1},"minecraft:picked_up":{"minecraft:stick":4,"minecraft:iron_chestplate":1,"aether:iron_gloves":1,"minecraft:wooden_pickaxe":1,"minecraft:sand":6,"minecraft:oak_log":17,"tombstone:grave_key":1,"minecraft:white_bed":1,"minecraft:dirt":24,"minecraft:iron_leggings":1,"minecraft:rotten_flesh":1,"minecraft:spruce_planks":8,"ecologics:coconut_log":7,"minecraft:iron_pickaxe":1,"minecraft:oak_boat":1,"minecraft:bread":46,"minecraft:iron_sword":1,"minecraft:melon_slice":25,"minecraft:oak_sapling":2,"minecraft:iron_boots":1,"minecraft:white_wool":3,"ecologics:crab_claw":1,"minecraft:oak_leaves":10,"minecraft:skeleton_skull":1,"iceandfire:raw_silver":1,"minecraft:cobblestone":3},"minecraft:dropped":{"minecraft:bread":1,"tombstone:grave_key":3,"minecraft:oak_planks":1},"minecraft:killed_by":{"iceandfire:ghost":4,"undead_revamp2:the_moonflower":1},"minecraft:used":{"minecraft:oak_log":1,"ecologics:crab_claw":11,"minecraft:bread":1,"minecraft:melon_slice":7,"minecraft:oak_planks":14,"minecraft:wooden_pickaxe":5,"minecraft:dirt":14,"minecraft:sand":2,"minecraft:crafting_table":2,"minecraft:white_bed":2},"minecraft:custom":{"minecraft:time_since_rest":14576,"minecraft:sprint_one_cm":128950,"minecraft:damage_taken":1620,"minecraft:walk_one_cm":149135,"minecraft:trigger_trapped_chest":1,"minecraft:drop":5,"minecraft:damage_dealt":96,"minecraft:swim_one_cm":6997,"minecraft:interact_with_crafting_table":3,"minecraft:fly_one_cm":340531,"minecraft:open_chest":2,"minecraft:crouch_one_cm":1848,"minecraft:play_time":56884,"minecraft:deaths":6,"minecraft:sneak_time":578,"minecraft:walk_under_water_one_cm":13441,"minecraft:boat_one_cm":46880,"minecraft:jump":1661,"minecraft:leave_game":4,"minecraft:time_since_death":16975,"minecraft:walk_on_water_one_cm":46274,"minecraft:climb_one_cm":7126,"minecraft:total_world_time":56884,"minecraft:fall_one_cm":34420}},"DataVersion":3465}