{"stats":{"minecraft:picked_up":{"minecraft:mutton":1,"minecraft:white_wool":1},"minecraft:custom":{"minecraft:jump":36,"minecraft:time_since_rest":3867,"minecraft:damage_dealt":80,"minecraft:crouch_one_cm":26,"minecraft:leave_game":1,"minecraft:sprint_one_cm":4328,"minecraft:play_time":3867,"minecraft:time_since_death":3867,"minecraft:walk_one_cm":4858,"minecraft:sneak_time":1,"minecraft:total_world_time":3867,"minecraft:mob_kills":1,"minecraft:fall_one_cm":838,"minecraft:fly_one_cm":8920},"minecraft:killed":{"minecraft:sheep":1},"minecraft:mined":{"minecraft:grass":2}},"DataVersion":3465}