{"stats":{"minecraft:picked_up":{"minecraft:oak_log":7},"minecraft:custom":{"minecraft:jump":70,"minecraft:walk_on_water_one_cm":2686,"minecraft:time_since_rest":5160,"minecraft:damage_dealt":10,"minecraft:crouch_one_cm":507,"minecraft:sprint_one_cm":30138,"minecraft:play_time":5160,"minecraft:damage_taken":30,"minecraft:time_since_death":5160,"minecraft:walk_one_cm":10981,"minecraft:sneak_time":296,"minecraft:climb_one_cm":1406,"minecraft:total_world_time":5160,"minecraft:walk_under_water_one_cm":126,"minecraft:swim_one_cm":7428,"minecraft:fall_one_cm":1230,"minecraft:fly_one_cm":17056,"minecraft:open_chest":1},"minecraft:mined":{"minecraft:grass":1,"minecraft:oak_log":7,"minecraft:oak_leaves":1},"minecraft:crafted":{"minecraft:crafting_table":1,"minecraft:oak_planks":28}},"DataVersion":3465}