{"stats":{"minecraft:mined":{"minecraft:dark_oak_planks":4,"minecraft:white_bed":3,"minecraft:black_terracotta":15,"minecraft:brewing_stand":1,"minecraft:potted_dead_bush":1,"minecraft:granite":1,"minecraft:grass_block":21,"minecraft:chiseled_stone_bricks":2,"minecraft:spawner":1,"minecraft:iron_ore":16,"minecraft:fire":7,"supplementaries:stick":1,"iceandfire:gold_pile":9,"minecraft:light_gray_concrete":9,"quark:indigo_corundum":1,"iceandfire:chared_cobblestone":1,"luminousworld:creepbush":3,"minecraft:cyan_terracotta":5,"iceandfire:dragon_ice_spikes":2,"minecraft:torch":6,"minecraft:melon":25,"minecraft:chest":1,"minecraft:dead_bush":1,"minecraft:cobblestone":36,"minecraft:oak_planks":1,"minecraft:wall_torch":7,"minecraft:blue_terracotta":5,"ecologics:seashell":1,"placeablesmod:iron_ingot_block_1":1,"minecraft:jukebox":1,"minecraft:black_bed":1,"minecraft:stone_brick_stairs":1,"minecraft:grass":15,"minecraft:oak_log":25,"minecraft:sand":1,"minecraft:dirt":2,"luminousworld:grassvariant_3":2,"quark:indigo_corundum_cluster":1,"minecraft:oak_leaves":8,"iceandfire:silver_ore":16,"minecraft:mossy_cobblestone":8,"luminousworld:grassvariant_4":3,"minecraft:purple_terracotta":6,"luminousworld:mossbuds_2":2,"alexsmobs:leafcutter_ant_chamber":2,"luminousworld:grassvariant_2":3,"luminousworld:blackberrybush":1,"minecraft:spruce_leaves":24,"minecraft:large_fern":7,"minecraft:hay_block":41,"minecraft:furnace":1,"iceandfire:chared_gravel":2,"minecraft:andesite":17,"luminousworld:mossbuds_3":5,"minecraft:gold_block":1,"minecraft:bookshelf":3,"minecraft:vine":2,"minecraft:stone":191,"minecraft:podzol":2,"minecraft:smithing_table":1,"minecraft:redstone_block":2,"minecraft:glass_pane":2,"minecraft:crafting_table":4,"minecraft:cornflower":2,"minecraft:diorite":2,"minecraft:purple_bed":1,"minecraft:red_terracotta":2,"minecraft:sweet_berry_bush":1,"minecraft:magenta_terracotta":6,"minecraft:spruce_log":1,"iceandfire:ash":3,"minecraft:coal_ore":124,"minecraft:gravel":2,"minecraft:cobweb":17,"minecraft:polished_andesite":5,"minecraft:stone_bricks":28,"minecraft:mossy_stone_bricks":1,"minecraft:fern":6},"minecraft:crafted":{"minecraft:oak_planks":88,"minecraft:iron_boots":4,"minecraft:crafting_table":5,"minecraft:iron_helmet":1,"minecraft:gold_block":2,"minecraft:iron_chestplate":1,"quark:oak_chest":1,"minecraft:stick":80,"minecraft:iron_ingot":3,"minecraft:iron_pickaxe":2,"minecraft:stone_sword":1,"quark:jungle_chest":1,"minecraft:furnace":1,"minecraft:iron_axe":1,"minecraft:stone_pickaxe":3,"minecraft:wheat":333,"iceandfire:silver_ingot":8,"minecraft:iron_sword":7,"minecraft:bread":111,"minecraft:air":0,"minecraft:jungle_planks":24,"minecraft:iron_leggings":5,"minecraft:white_bed":1,"minecraft:torch":132},"minecraft:picked_up":{"minecraft:redstone_block":2,"illagerinvasion:platinum_chunk":5,"minecraft:smithing_table":1,"aether:iron_gloves":1,"minecraft:stone_brick_stairs":3,"tombstone:grave_key":1,"minecraft:brewing_stand":1,"minecraft:string":13,"minecraft:armor_stand":1,"minecraft:experience_bottle":28,"minecraft:tnt_minecart":1,"minecraft:gold_nugget":184,"minecraft:spruce_planks":6,"minecraft:melon_slice":128,"minecraft:furnace":1,"minecraft:stick":8,"born_in_chaos_v1:shattered_skull":1,"minecraft:jukebox":1,"minecraft:torch":15,"tombstone:grave_dust":4,"tombstone:tablet_of_cupidity":1,"minecraft:stone_sword":2,"minecraft:rotten_flesh":21,"minecraft:vex_armor_trim_smithing_template":1,"minecraft:cyan_terracotta":5,"minecraft:cobblestone":205,"minecraft:andesite":16,"minecraft:jungle_log":6,"minecraft:black_bed":1,"undead_revamp2:huntereye":1,"minecraft:dirt":19,"minecraft:map":1,"minecraft:magenta_terracotta":5,"minecraft:name_tag":1,"minecraft:bone":12,"minecraft:bow":2,"minecraft:wheat_seeds":9,"minecraft:mossy_stone_bricks":1,"minecraft:oak_planks":2,"minecraft:black_terracotta":12,"luminousworld:creepberries":3,"minecraft:jungle_planks":3,"sophisticatedbackpacks:iron_backpack":1,"minecraft:fermented_spider_eye":2,"minecraft:dead_bush":1,"naturalist:duck_egg":2,"minecraft:mossy_cobblestone":6,"tombstone:scroll_of_mercy":1,"minecraft:light_gray_concrete":7,"minecraft:polished_andesite":3,"minecraft:blue_terracotta":3,"minecraft:granite":1,"minecraft:bread":2,"minecraft:emerald":42,"minecraft:chainmail_helmet":3,"minecraft:oak_sapling":3,"iceandfire:raw_silver":16,"sophisticatedbackpacks:gold_backpack":3,"luminousworld:groundpebbles_1":3,"minecraft:crafting_table":4,"ecologics:seashell":1,"friendsandfoes:totem_of_illusion":5,"minecraft:stone_brick_wall":2,"minecraft:gold_block":7,"minecraft:shield":1,"minecraft:iron_axe":4,"minecraft:item_frame":1,"quark:indigo_corundum":1,"minecraft:iron_nugget":8,"minecraft:chest":1,"minecraft:raw_iron":16,"luminousworld:spuds":2,"minecraft:spruce_fence":2,"minecraft:purple_terracotta":6,"minecraft:dark_oak_planks":3,"minecraft:arrow":21,"minecraft:diamond_chestplate":1,"minecraft:hay_block":40,"minecraft:totem_of_undying":6,"quark:indigo_corundum_cluster":1,"minecraft:mutton":6,"minecraft:white_wool":6,"minecraft:oxeye_daisy":1,"born_in_chaos_v1:corpse_maggot":2,"minecraft:oak_log":29,"minecraft:chainmail_chestplate":2,"minecraft:gunpowder":31,"artifacts:cloud_in_a_bottle":1,"minecraft:paper":6,"minecraft:stone_bricks":30,"minecraft:rabbit_hide":2,"minecraft:iron_ingot":1,"minecraft:stone_pickaxe":2,"minecraft:glass_bottle":1,"minecraft:iron_sword":1,"minecraft:book":8,"luminousworld:clovers_1":1,"minecraft:sweet_berries":3,"minecraft:chiseled_stone_bricks":2,"iceandfire:ash":3,"minecraft:dandelion":5,"minecraft:gravel":13,"minecraft:white_bed":3,"illagerinvasion:illusionary_dust":2,"minecraft:purple_bed":1,"minecraft:chainmail_leggings":1,"tombstone:magic_scroll":1,"minecraft:black_wool":1,"minecraft:coal":127},"minecraft:killed":{"illagerinvasion:archivist":6,"luminousworld:miner_zombie":1,"born_in_chaos_v1:skeleton_demoman":1,"undead_revamp2:thesmoker":1,"illagerinvasion:basher":1,"minecraft:skeleton":3,"illagerinvasion:provoker":8,"minecraft:illusioner":5,"illagerinvasion:necromancer":1,"illagerinvasion:alchemist":2,"minecraft:sheep":4,"minecraft:pillager":15,"minecraft:zombie":11,"born_in_chaos_v1:corpse_fly":1,"minecraft:evoker":6,"undead_revamp2:thehunter":1,"minecraft:vindicator":31,"illagerinvasion:marauder":5,"enemyexpansion:direwolf":1,"born_in_chaos_v1:maggot":1,"iceandfire:fire_dragon":1,"born_in_chaos_v1:baby_skeleton":1,"undead_revamp2:the_moonflower":1,"enemyexpansion:sprinter":3,"iceandfire:ghost":1},"minecraft:broken":{"minecraft:iron_boots":3,"minecraft:iron_chestplate":1,"minecraft:iron_leggings":3,"minecraft:stone_pickaxe":2,"minecraft:iron_sword":6,"minecraft:diamond_chestplate":1,"minecraft:chainmail_leggings":1,"minecraft:chainmail_helmet":1,"minecraft:iron_axe":2,"minecraft:iron_helmet":3},"minecraft:dropped":{"minecraft:iron_sword":1,"minecraft:glass_bottle":2,"minecraft:crafting_table":1,"luminousworld:spuds":1,"artifacts:cloud_in_a_bottle":1,"sophisticatedbackpacks:gold_backpack":2,"minecraft:gold_block":4,"minecraft:dirt":9,"minecraft:iron_pickaxe":1,"minecraft:bone":6,"minecraft:rotten_flesh":8,"minecraft:gunpowder":35,"born_in_chaos_v1:corpse_maggot":1,"minecraft:stone_brick_wall":1,"minecraft:arrow":2,"minecraft:bread":45,"minecraft:wheat_seeds":4,"minecraft:iron_helmet":1,"tombstone:scroll_of_mercy":1,"minecraft:polished_andesite":1,"tombstone:magic_scroll":1,"tombstone:grave_key":1,"minecraft:melon_slice":25,"minecraft:iron_leggings":2,"minecraft:dead_bush":1,"minecraft:dandelion":5,"minecraft:stone_sword":2,"minecraft:experience_bottle":28,"minecraft:iron_boots":1,"minecraft:name_tag":1,"aether:iron_gloves":2,"minecraft:diamond_chestplate":1,"minecraft:spruce_planks":2,"minecraft:iron_chestplate":1,"minecraft:andesite":1,"minecraft:mossy_stone_bricks":1,"minecraft:stone_pickaxe":2,"minecraft:vex_armor_trim_smithing_template":1},"minecraft:killed_by":{"minecraft:evoker":1,"undead_revamp2:sucker":1,"born_in_chaos_v1:nightmare_stalker":2,"minecraft:creeper":1,"minecraft:pillager":7,"minecraft:vindicator":41,"enemyexpansion:sprinter":1,"minecraft:cave_spider":1,"minecraft:zombie":2,"alexsmobs:grizzly_bear":1,"alexsmobs:komodo_dragon":1,"iceandfire:fire_dragon":27,"enemyexpansion:invisicreeper":1,"minecraft:vex":14,"minecraft:illusioner":6,"minecraft:skeleton":3,"illagerinvasion:marauder":4,"iceandfire:ghost":2,"ecologics:coconut_crab":1,"born_in_chaos_v1:door_knight":1},"minecraft:used":{"luminousworld:spuds":1,"minecraft:chest":1,"minecraft:iron_sword":1065,"minecraft:iron_chestplate":2,"minecraft:mutton":6,"minecraft:jungle_planks":5,"minecraft:cyan_terracotta":5,"friendsandfoes:totem_of_illusion":2,"minecraft:iron_helmet":2,"minecraft:stone_brick_stairs":3,"minecraft:stone_bricks":22,"minecraft:hay_block":3,"supplementaries:ash":1,"minecraft:furnace":2,"minecraft:gold_block":1,"luminousworld:clovers_1":1,"minecraft:stone_pickaxe":276,"minecraft:oak_planks":1,"naturalist:duck_egg":2,"minecraft:purple_terracotta":6,"minecraft:stone_brick_wall":1,"minecraft:black_bed":1,"luminousworld:creepberries":3,"minecraft:black_terracotta":12,"minecraft:light_gray_concrete":7,"minecraft:bread":60,"minecraft:melon_slice":51,"minecraft:gravel":4,"minecraft:golden_helmet":1,"minecraft:andesite":15,"minecraft:golden_pickaxe":19,"minecraft:stone_sword":44,"quark:jungle_chest":1,"minecraft:stick":1,"minecraft:torch":159,"minecraft:dirt":9,"minecraft:granite":1,"minecraft:dark_oak_planks":2,"minecraft:iron_axe":143,"minecraft:iron_boots":1,"minecraft:totem_of_undying":1,"minecraft:diamond_chestplate":1,"minecraft:magenta_terracotta":5,"tombstone:gift":8,"minecraft:iron_leggings":1,"minecraft:bundle":1,"minecraft:polished_andesite":2,"minecraft:mossy_cobblestone":3,"minecraft:crafting_table":8,"minecraft:white_bed":4,"minecraft:iron_pickaxe":242,"minecraft:map":1,"iceandfire:ash":5,"minecraft:chiseled_stone_bricks":2,"minecraft:cobblestone":64,"minecraft:potion":1,"minecraft:purple_bed":1,"quark:oak_chest":1},"minecraft:custom":{"minecraft:interact_with_crafting_table":35,"minecraft:open_barrel":33,"minecraft:leave_game":7,"minecraft:time_since_death":276,"minecraft:sprint_one_cm":1488621,"minecraft:drop":49,"minecraft:play_time":303862,"minecraft:deaths":126,"minecraft:jump":4853,"minecraft:interact_with_brewingstand":2,"minecraft:walk_on_water_one_cm":188217,"minecraft:interact_with_furnace":13,"minecraft:sleep_in_bed":3,"minecraft:damage_dealt":44957,"minecraft:crouch_one_cm":7428,"tombstone:undead_killed":24,"minecraft:interact_with_smoker":2,"minecraft:interact_with_smithing_table":1,"minecraft:mob_kills":116,"minecraft:damage_dealt_resisted":533,"minecraft:climb_one_cm":75317,"minecraft:walk_one_cm":678917,"minecraft:sneak_time":3949,"minecraft:walk_under_water_one_cm":33669,"minecraft:total_world_time":303862,"tombstone:raider_killed":80,"minecraft:tune_noteblock":8,"minecraft:time_since_rest":1,"minecraft:damage_taken":44464,"minecraft:damage_absorbed":80,"minecraft:trigger_trapped_chest":1,"minecraft:swim_one_cm":356532,"minecraft:fly_one_cm":857621,"minecraft:open_chest":104,"minecraft:fall_one_cm":100656}},"DataVersion":3465}