{"stats":{"minecraft:mined":{"minecraft:white_bed":1,"iceandfire:silver_ore":7,"luminousworld:grassvariant_4":1,"minecraft:brewing_stand":1,"minecraft:crafting_table":2,"minecraft:torch":4,"minecraft:granite":1,"minecraft:grass_block":2,"minecraft:chest":1,"alexsmobs:leafcutter_ant_chamber":2,"minecraft:diorite":2,"minecraft:hay_block":1,"minecraft:furnace":1,"ecologics:seashell":1,"minecraft:sweet_berry_bush":1,"minecraft:iron_ore":2,"minecraft:spruce_log":1,"minecraft:andesite":15,"luminousworld:mossbuds_3":1,"minecraft:black_bed":1,"minecraft:grass":6,"minecraft:bookshelf":2,"minecraft:oak_log":7,"minecraft:coal_ore":89,"minecraft:vine":1,"minecraft:gravel":2,"minecraft:sand":1,"minecraft:dirt":1,"quark:indigo_corundum":1,"quark:indigo_corundum_cluster":1,"minecraft:polished_andesite":2,"minecraft:stone":180,"minecraft:fern":1,"minecraft:oak_leaves":4,"luminousworld:creepbush":3},"minecraft:crafted":{"minecraft:oak_planks":28,"iceandfire:silver_ingot":8,"minecraft:crafting_table":2,"minecraft:furnace":1,"minecraft:air":0,"minecraft:jungle_planks":24,"minecraft:stick":24,"quark:oak_chest":1,"minecraft:iron_ingot":3,"minecraft:iron_pickaxe":1,"minecraft:stone_pickaxe":3,"minecraft:stone_sword":1,"minecraft:white_bed":1,"minecraft:torch":32},"minecraft:picked_up":{"luminousworld:groundpebbles_1":3,"minecraft:crafting_table":2,"minecraft:jungle_log":6,"minecraft:andesite":15,"minecraft:black_bed":1,"ecologics:seashell":1,"minecraft:oak_log":7,"minecraft:brewing_stand":1,"minecraft:dirt":6,"quark:indigo_corundum":1,"minecraft:wheat_seeds":4,"minecraft:chest":1,"minecraft:furnace":1,"minecraft:book":6,"minecraft:stick":4,"minecraft:raw_iron":3,"born_in_chaos_v1:shattered_skull":1,"luminousworld:clovers_1":1,"minecraft:sweet_berries":3,"luminousworld:creepberries":3,"minecraft:torch":4,"minecraft:gravel":13,"minecraft:jungle_planks":3,"minecraft:white_bed":1,"minecraft:fermented_spider_eye":2,"minecraft:hay_block":1,"minecraft:granite":1,"quark:indigo_corundum_cluster":1,"minecraft:oak_sapling":2,"minecraft:black_wool":1,"minecraft:mutton":6,"minecraft:coal":92,"iceandfire:raw_silver":8,"minecraft:white_wool":6,"minecraft:cobblestone":173},"minecraft:killed":{"minecraft:sheep":4,"minecraft:pillager":1},"minecraft:dropped":{"minecraft:gunpowder":7},"minecraft:broken":{"minecraft:stone_pickaxe":2},"minecraft:used":{"minecraft:stone_sword":38,"minecraft:stone_pickaxe":270,"minecraft:chest":1,"minecraft:torch":18,"minecraft:dirt":6,"minecraft:crafting_table":3,"minecraft:white_bed":2,"minecraft:black_bed":1,"minecraft:granite":1,"luminousworld:creepberries":3,"minecraft:iron_pickaxe":22,"minecraft:iron_helmet":2,"minecraft:gravel":4,"minecraft:golden_helmet":1,"minecraft:cobblestone":1,"minecraft:furnace":2,"minecraft:andesite":15,"tombstone:gift":4,"quark:oak_chest":1,"luminousworld:clovers_1":1,"minecraft:golden_pickaxe":19},"minecraft:killed_by":{"minecraft:vindicator":3,"minecraft:pillager":2,"alexsmobs:grizzly_bear":1,"alexsmobs:komodo_dragon":1,"iceandfire:ghost":1,"ecologics:coconut_crab":1,"minecraft:illusioner":2,"minecraft:vex":3},"minecraft:custom":{"minecraft:interact_with_furnace":8,"minecraft:mob_kills":5,"tombstone:raider_killed":1,"minecraft:interact_with_crafting_table":8,"minecraft:tune_noteblock":8,"minecraft:leave_game":3,"minecraft:time_since_death":1546,"minecraft:sleep_in_bed":3,"minecraft:climb_one_cm":11888,"minecraft:time_since_rest":1251,"minecraft:sprint_one_cm":338254,"minecraft:damage_taken":8347,"minecraft:walk_one_cm":148325,"minecraft:trigger_trapped_chest":1,"minecraft:drop":1,"minecraft:damage_dealt":1319,"minecraft:swim_one_cm":28952,"minecraft:fly_one_cm":190316,"minecraft:open_chest":17,"minecraft:crouch_one_cm":1820,"minecraft:play_time":68781,"minecraft:deaths":16,"minecraft:sneak_time":681,"minecraft:walk_under_water_one_cm":3702,"minecraft:interact_with_brewingstand":1,"minecraft:jump":1119,"minecraft:walk_on_water_one_cm":39801,"minecraft:total_world_time":68781,"minecraft:fall_one_cm":24430}},"DataVersion":3465}