{"stats":{"minecraft:mined":{"minecraft:furnace":1,"iceandfire:silver_ore":3,"ecologics:seashell":1,"luminousworld:grassvariant_4":1,"minecraft:iron_ore":2,"minecraft:andesite":15,"minecraft:black_bed":1,"minecraft:granite":1,"minecraft:grass":6,"minecraft:grass_block":2,"minecraft:coal_ore":25,"minecraft:oak_log":7,"minecraft:vine":1,"minecraft:chest":1,"minecraft:gravel":2,"minecraft:sand":1,"quark:indigo_corundum":1,"alexsmobs:leafcutter_ant_chamber":2,"quark:indigo_corundum_cluster":1,"minecraft:stone":38,"minecraft:oak_leaves":3,"luminousworld:creepbush":3},"minecraft:crafted":{"minecraft:oak_planks":28,"iceandfire:silver_ingot":4,"minecraft:crafting_table":1,"minecraft:iron_pickaxe":1,"minecraft:stone_pickaxe":1,"minecraft:furnace":1,"minecraft:air":0},"minecraft:picked_up":{"luminousworld:groundpebbles_1":3,"minecraft:stick":4,"minecraft:raw_iron":3,"born_in_chaos_v1:shattered_skull":1,"minecraft:jungle_log":6,"minecraft:andesite":15,"luminousworld:creepberries":3,"minecraft:black_bed":1,"ecologics:seashell":1,"minecraft:gravel":5,"minecraft:oak_log":7,"minecraft:dirt":5,"quark:indigo_corundum":1,"minecraft:wheat_seeds":3,"minecraft:granite":1,"quark:indigo_corundum_cluster":1,"minecraft:oak_sapling":2,"minecraft:chest":1,"minecraft:coal":26,"iceandfire:raw_silver":4,"minecraft:cobblestone":44,"minecraft:furnace":1},"minecraft:killed_by":{"alexsmobs:komodo_dragon":1,"ecologics:coconut_crab":1,"alexsmobs:grizzly_bear":1},"minecraft:used":{"luminousworld:creepberries":2,"minecraft:stone_pickaxe":58,"minecraft:iron_pickaxe":15,"minecraft:chest":1,"minecraft:gravel":4,"minecraft:golden_helmet":1,"minecraft:dirt":1,"minecraft:crafting_table":1,"minecraft:furnace":2,"minecraft:andesite":15,"tombstone:gift":2,"minecraft:black_bed":1,"minecraft:granite":1,"minecraft:golden_pickaxe":18},"minecraft:custom":{"minecraft:time_since_rest":1458,"minecraft:interact_with_furnace":6,"minecraft:sprint_one_cm":170734,"minecraft:damage_taken":2966,"minecraft:walk_one_cm":88886,"minecraft:damage_dealt":17,"minecraft:swim_one_cm":13417,"minecraft:interact_with_crafting_table":2,"minecraft:tune_noteblock":8,"minecraft:fly_one_cm":106081,"minecraft:open_chest":10,"minecraft:crouch_one_cm":1149,"minecraft:play_time":33898,"minecraft:deaths":4,"minecraft:sneak_time":479,"minecraft:walk_under_water_one_cm":2312,"minecraft:jump":564,"minecraft:leave_game":1,"minecraft:walk_on_water_one_cm":33498,"minecraft:time_since_death":1819,"minecraft:sleep_in_bed":3,"minecraft:climb_one_cm":8726,"minecraft:total_world_time":33898,"minecraft:fall_one_cm":14244}},"DataVersion":3465}