{"stats":{"minecraft:custom":{"minecraft:time_since_rest":616,"minecraft:sprint_one_cm":71267,"minecraft:damage_taken":1401,"minecraft:walk_one_cm":28855,"minecraft:mob_kills":1,"minecraft:damage_dealt":456,"minecraft:player_kills":1,"minecraft:fly_one_cm":28818,"minecraft:swim_one_cm":9197,"minecraft:interact_with_crafting_table":1,"minecraft:crouch_one_cm":257,"minecraft:play_time":10509,"minecraft:deaths":5,"minecraft:sneak_time":95,"minecraft:walk_under_water_one_cm":3992,"minecraft:jump":189,"minecraft:walk_on_water_one_cm":1677,"minecraft:time_since_death":590,"minecraft:total_world_time":10509,"minecraft:fall_one_cm":9862},"minecraft:crafted":{"minecraft:crafting_table":1,"minecraft:spruce_planks":16,"minecraft:stick":4,"minecraft:wooden_pickaxe":1},"minecraft:picked_up":{"minecraft:wooden_axe":1,"minecraft:stick":11,"minecraft:sweet_berries":4,"minecraft:brown_mushroom":1,"minecraft:wooden_pickaxe":1,"minecraft:spruce_log":8,"minecraft:dark_oak_log":2,"minecraft:spider_eye":1,"minecraft:dirt":9,"minecraft:string":2,"minecraft:wooden_sword":1,"minecraft:spruce_planks":52,"minecraft:cobblestone":18,"minecraft:egg":2},"minecraft:killed_by":{"minecraft:player":3,"minecraft:skeleton":1,"minecraft:creeper":1},"minecraft:mined":{"minecraft:dark_oak_leaves":2,"minecraft:fire":4,"minecraft:sweet_berry_bush":2,"minecraft:spruce_log":11,"minecraft:dark_oak_log":3,"minecraft:grass_block":3,"minecraft:dirt":4,"minecraft:spruce_leaves":4,"minecraft:stone":17,"minecraft:oak_leaves":2,"minecraft:fern":5},"minecraft:killed":{"minecraft:spider":1},"minecraft:used":{"minecraft:wooden_pickaxe":19,"minecraft:wooden_sword":6,"minecraft:dirt":7,"minecraft:sweet_berries":4,"minecraft:crafting_table":1,"minecraft:egg":2}},"DataVersion":3120}