{"stats":{"minecraft:mined":{"iceandfire:silver_ore":7,"luminousworld:grassvariant_4":1,"minecraft:torch":2,"minecraft:granite":1,"minecraft:grass_block":2,"minecraft:chest":1,"alexsmobs:leafcutter_ant_chamber":2,"minecraft:furnace":1,"ecologics:seashell":1,"minecraft:iron_ore":2,"minecraft:andesite":15,"minecraft:black_bed":1,"minecraft:grass":6,"minecraft:oak_log":7,"minecraft:coal_ore":89,"minecraft:vine":1,"minecraft:gravel":2,"minecraft:sand":1,"minecraft:dirt":1,"quark:indigo_corundum":1,"quark:indigo_corundum_cluster":1,"minecraft:stone":101,"minecraft:oak_leaves":3,"luminousworld:creepbush":3},"minecraft:crafted":{"minecraft:oak_planks":28,"iceandfire:silver_ingot":4,"minecraft:crafting_table":1,"minecraft:furnace":1,"minecraft:air":0,"minecraft:stick":24,"minecraft:iron_pickaxe":1,"minecraft:stone_pickaxe":2,"minecraft:torch":32},"minecraft:picked_up":{"luminousworld:groundpebbles_1":3,"minecraft:andesite":15,"minecraft:jungle_log":6,"minecraft:black_bed":1,"ecologics:seashell":1,"minecraft:oak_log":7,"minecraft:dirt":6,"quark:indigo_corundum":1,"minecraft:wheat_seeds":3,"minecraft:chest":1,"minecraft:furnace":1,"minecraft:stick":4,"minecraft:raw_iron":3,"born_in_chaos_v1:shattered_skull":1,"luminousworld:creepberries":3,"minecraft:torch":2,"minecraft:gravel":13,"minecraft:granite":1,"quark:indigo_corundum_cluster":1,"minecraft:oak_sapling":2,"minecraft:coal":92,"iceandfire:raw_silver":8,"minecraft:cobblestone":107},"minecraft:broken":{"minecraft:stone_pickaxe":1},"minecraft:killed_by":{"alexsmobs:grizzly_bear":1,"alexsmobs:komodo_dragon":1,"ecologics:coconut_crab":1},"minecraft:used":{"minecraft:stone_pickaxe":185,"minecraft:chest":1,"minecraft:torch":9,"minecraft:dirt":4,"minecraft:crafting_table":1,"minecraft:black_bed":1,"minecraft:granite":1,"luminousworld:creepberries":2,"minecraft:iron_pickaxe":20,"minecraft:iron_helmet":1,"minecraft:gravel":4,"minecraft:golden_helmet":1,"minecraft:furnace":2,"minecraft:andesite":15,"tombstone:gift":2,"minecraft:golden_pickaxe":19},"minecraft:custom":{"minecraft:interact_with_furnace":6,"minecraft:interact_with_crafting_table":3,"minecraft:tune_noteblock":8,"minecraft:leave_game":1,"minecraft:time_since_death":7819,"minecraft:sleep_in_bed":3,"minecraft:climb_one_cm":9043,"minecraft:time_since_rest":7458,"minecraft:walk_one_cm":96404,"minecraft:sprint_one_cm":171921,"minecraft:damage_taken":2966,"minecraft:damage_dealt":17,"minecraft:swim_one_cm":13417,"minecraft:fly_one_cm":106173,"minecraft:open_chest":10,"minecraft:crouch_one_cm":1149,"minecraft:play_time":39898,"minecraft:deaths":4,"minecraft:sneak_time":485,"minecraft:walk_under_water_one_cm":2312,"minecraft:jump":578,"minecraft:walk_on_water_one_cm":33498,"minecraft:total_world_time":39898,"minecraft:fall_one_cm":14244}},"DataVersion":3465}