{"stats":{"minecraft:mined":{"iceandfire:silver_ore":7,"luminousworld:grassvariant_4":1,"minecraft:crafting_table":1,"minecraft:torch":4,"minecraft:granite":1,"minecraft:grass_block":2,"minecraft:chest":1,"alexsmobs:leafcutter_ant_chamber":2,"minecraft:furnace":1,"ecologics:seashell":1,"minecraft:iron_ore":2,"minecraft:andesite":15,"minecraft:black_bed":1,"minecraft:grass":6,"minecraft:oak_log":7,"minecraft:coal_ore":89,"minecraft:vine":1,"minecraft:gravel":2,"minecraft:sand":1,"minecraft:dirt":1,"quark:indigo_corundum":1,"quark:indigo_corundum_cluster":1,"minecraft:stone":180,"minecraft:oak_leaves":4,"luminousworld:creepbush":3},"minecraft:crafted":{"minecraft:oak_planks":28,"iceandfire:silver_ingot":8,"minecraft:crafting_table":2,"minecraft:furnace":1,"minecraft:air":0,"minecraft:jungle_planks":24,"minecraft:stick":24,"quark:oak_chest":1,"minecraft:iron_ingot":3,"minecraft:iron_pickaxe":1,"minecraft:stone_pickaxe":3,"minecraft:stone_sword":1,"minecraft:torch":32},"minecraft:picked_up":{"luminousworld:groundpebbles_1":3,"minecraft:crafting_table":1,"minecraft:jungle_log":6,"minecraft:andesite":15,"minecraft:black_bed":1,"ecologics:seashell":1,"minecraft:oak_log":7,"minecraft:dirt":6,"quark:indigo_corundum":1,"minecraft:wheat_seeds":3,"minecraft:chest":1,"minecraft:furnace":1,"minecraft:stick":4,"minecraft:raw_iron":3,"born_in_chaos_v1:shattered_skull":1,"luminousworld:clovers_1":1,"luminousworld:creepberries":3,"minecraft:torch":4,"minecraft:gravel":13,"minecraft:granite":1,"quark:indigo_corundum_cluster":1,"minecraft:oak_sapling":2,"minecraft:black_wool":1,"minecraft:mutton":6,"minecraft:coal":92,"iceandfire:raw_silver":8,"minecraft:white_wool":3,"minecraft:cobblestone":173},"minecraft:killed":{"minecraft:sheep":4},"minecraft:broken":{"minecraft:stone_pickaxe":2},"minecraft:killed_by":{"alexsmobs:grizzly_bear":1,"alexsmobs:komodo_dragon":1,"iceandfire:ghost":1,"ecologics:coconut_crab":1},"minecraft:used":{"minecraft:stone_sword":11,"minecraft:stone_pickaxe":266,"minecraft:chest":1,"minecraft:torch":11,"minecraft:dirt":6,"minecraft:crafting_table":3,"minecraft:black_bed":1,"minecraft:granite":1,"luminousworld:creepberries":3,"minecraft:iron_pickaxe":20,"minecraft:iron_helmet":1,"minecraft:gravel":4,"minecraft:golden_helmet":1,"minecraft:cobblestone":1,"minecraft:furnace":2,"minecraft:andesite":15,"tombstone:gift":4,"quark:oak_chest":1,"minecraft:golden_pickaxe":19},"minecraft:custom":{"minecraft:interact_with_furnace":8,"minecraft:mob_kills":4,"minecraft:interact_with_crafting_table":7,"minecraft:tune_noteblock":8,"minecraft:leave_game":3,"minecraft:time_since_death":1731,"minecraft:sleep_in_bed":3,"minecraft:climb_one_cm":9469,"minecraft:time_since_rest":1,"minecraft:sprint_one_cm":273583,"minecraft:damage_taken":5323,"minecraft:walk_one_cm":121944,"minecraft:trigger_trapped_chest":1,"minecraft:damage_dealt":337,"minecraft:swim_one_cm":27126,"minecraft:fly_one_cm":160066,"minecraft:open_chest":13,"minecraft:crouch_one_cm":1410,"minecraft:play_time":49808,"minecraft:deaths":6,"minecraft:sneak_time":582,"minecraft:walk_under_water_one_cm":3547,"minecraft:jump":913,"minecraft:walk_on_water_one_cm":38075,"minecraft:total_world_time":49808,"minecraft:fall_one_cm":20077}},"DataVersion":3465}