{"stats":{"minecraft:mined":{"minecraft:white_bed":1,"iceandfire:silver_ore":7,"luminousworld:grassvariant_4":1,"minecraft:brewing_stand":1,"minecraft:crafting_table":2,"minecraft:torch":4,"minecraft:granite":1,"minecraft:grass_block":2,"minecraft:chest":1,"alexsmobs:leafcutter_ant_chamber":2,"minecraft:diorite":2,"minecraft:hay_block":1,"minecraft:furnace":1,"ecologics:seashell":1,"minecraft:sweet_berry_bush":1,"minecraft:iron_ore":2,"minecraft:spruce_log":1,"minecraft:andesite":15,"luminousworld:mossbuds_3":3,"minecraft:black_bed":1,"minecraft:grass":6,"minecraft:bookshelf":3,"minecraft:oak_log":7,"minecraft:coal_ore":89,"minecraft:vine":1,"minecraft:gravel":2,"minecraft:sand":1,"minecraft:dirt":1,"quark:indigo_corundum":1,"quark:indigo_corundum_cluster":1,"minecraft:polished_andesite":2,"minecraft:stone":180,"minecraft:fern":1,"minecraft:oak_leaves":4,"luminousworld:creepbush":3},"minecraft:crafted":{"minecraft:oak_planks":28,"iceandfire:silver_ingot":8,"minecraft:crafting_table":3,"quark:jungle_chest":1,"minecraft:iron_sword":1,"minecraft:furnace":1,"minecraft:bread":3,"minecraft:air":0,"minecraft:jungle_planks":24,"minecraft:stick":24,"quark:oak_chest":1,"minecraft:iron_ingot":3,"minecraft:iron_pickaxe":1,"minecraft:stone_pickaxe":3,"minecraft:stone_sword":1,"minecraft:white_bed":1,"minecraft:torch":32,"minecraft:wheat":9},"minecraft:picked_up":{"luminousworld:groundpebbles_1":3,"minecraft:crafting_table":2,"minecraft:jungle_log":6,"minecraft:andesite":15,"minecraft:black_bed":1,"ecologics:seashell":1,"minecraft:gold_block":2,"minecraft:oak_log":7,"minecraft:brewing_stand":1,"minecraft:dirt":6,"minecraft:bone":5,"quark:indigo_corundum":1,"minecraft:wheat_seeds":4,"minecraft:stone_pickaxe":1,"minecraft:chest":1,"minecraft:furnace":1,"minecraft:book":6,"minecraft:stick":4,"minecraft:raw_iron":3,"born_in_chaos_v1:shattered_skull":1,"luminousworld:clovers_1":1,"minecraft:sweet_berries":3,"luminousworld:creepberries":3,"minecraft:torch":4,"minecraft:gravel":13,"minecraft:jungle_planks":3,"minecraft:white_bed":1,"minecraft:fermented_spider_eye":2,"tombstone:tablet_of_cupidity":1,"minecraft:stone_sword":1,"minecraft:diamond_chestplate":1,"minecraft:arrow":1,"minecraft:hay_block":1,"minecraft:granite":1,"minecraft:bread":1,"quark:indigo_corundum_cluster":1,"minecraft:oak_sapling":2,"minecraft:black_wool":1,"minecraft:mutton":6,"minecraft:coal":92,"iceandfire:raw_silver":8,"minecraft:white_wool":6,"minecraft:cobblestone":173},"minecraft:killed":{"minecraft:sheep":4,"minecraft:pillager":1},"minecraft:dropped":{"minecraft:stone_sword":1,"minecraft:glass_bottle":1,"minecraft:crafting_table":1,"minecraft:gunpowder":7,"aether:iron_gloves":1,"minecraft:arrow":2,"minecraft:stone_pickaxe":1,"minecraft:bone":6},"minecraft:broken":{"minecraft:stone_pickaxe":2},"minecraft:used":{"minecraft:stone_sword":44,"minecraft:stone_pickaxe":270,"quark:jungle_chest":1,"minecraft:chest":1,"minecraft:torch":19,"minecraft:dirt":6,"minecraft:mutton":4,"minecraft:crafting_table":4,"minecraft:white_bed":2,"minecraft:black_bed":1,"minecraft:granite":1,"luminousworld:creepberries":3,"minecraft:iron_pickaxe":22,"minecraft:iron_helmet":2,"minecraft:gravel":4,"minecraft:golden_helmet":1,"minecraft:cobblestone":27,"minecraft:potion":1,"minecraft:furnace":2,"minecraft:andesite":15,"tombstone:gift":4,"quark:oak_chest":1,"luminousworld:clovers_1":1,"minecraft:golden_pickaxe":19},"minecraft:killed_by":{"minecraft:vindicator":5,"minecraft:skeleton":1,"minecraft:pillager":4,"alexsmobs:grizzly_bear":1,"alexsmobs:komodo_dragon":1,"iceandfire:ghost":1,"ecologics:coconut_crab":1,"minecraft:illusioner":2,"minecraft:vex":3},"minecraft:custom":{"minecraft:interact_with_furnace":8,"minecraft:mob_kills":5,"tombstone:raider_killed":1,"minecraft:interact_with_crafting_table":12,"minecraft:tune_noteblock":8,"minecraft:open_barrel":2,"minecraft:leave_game":3,"minecraft:time_since_death":448,"minecraft:sleep_in_bed":3,"minecraft:climb_one_cm":17485,"minecraft:time_since_rest":167,"minecraft:sprint_one_cm":384574,"minecraft:damage_taken":10244,"minecraft:walk_one_cm":172917,"minecraft:trigger_trapped_chest":1,"minecraft:drop":8,"minecraft:damage_dealt":1583,"minecraft:swim_one_cm":28952,"minecraft:fly_one_cm":208774,"minecraft:open_chest":27,"minecraft:crouch_one_cm":2545,"minecraft:play_time":80781,"minecraft:deaths":22,"minecraft:sneak_time":1108,"minecraft:walk_under_water_one_cm":3903,"minecraft:interact_with_brewingstand":1,"minecraft:jump":1243,"minecraft:walk_on_water_one_cm":40410,"minecraft:total_world_time":80781,"minecraft:fall_one_cm":27084}},"DataVersion":3465}