{"stats":{"minecraft:mined":{"minecraft:dark_oak_planks":4,"minecraft:white_bed":3,"iceandfire:silver_ore":15,"luminousworld:grassvariant_4":3,"minecraft:black_terracotta":15,"minecraft:brewing_stand":1,"minecraft:granite":1,"minecraft:purple_terracotta":6,"minecraft:grass_block":20,"alexsmobs:leafcutter_ant_chamber":2,"luminousworld:blackberrybush":1,"minecraft:spruce_leaves":6,"minecraft:chiseled_stone_bricks":2,"minecraft:large_fern":5,"minecraft:hay_block":41,"minecraft:furnace":1,"minecraft:iron_ore":10,"minecraft:andesite":17,"luminousworld:mossbuds_3":3,"minecraft:gold_block":1,"minecraft:bookshelf":3,"minecraft:vine":1,"minecraft:light_gray_concrete":9,"quark:indigo_corundum":1,"minecraft:stone":184,"luminousworld:creepbush":3,"minecraft:smithing_table":1,"minecraft:podzol":2,"minecraft:redstone_block":2,"minecraft:cyan_terracotta":5,"minecraft:torch":6,"minecraft:crafting_table":2,"minecraft:melon":25,"minecraft:chest":1,"minecraft:dead_bush":1,"minecraft:cobblestone":24,"minecraft:oak_planks":1,"minecraft:wall_torch":7,"minecraft:diorite":2,"ecologics:seashell":1,"minecraft:magenta_terracotta":6,"minecraft:sweet_berry_bush":1,"minecraft:spruce_log":1,"placeablesmod:iron_ingot_block_1":1,"minecraft:jukebox":1,"minecraft:black_bed":1,"minecraft:stone_brick_stairs":1,"minecraft:grass":8,"minecraft:coal_ore":89,"minecraft:oak_log":25,"minecraft:gravel":2,"minecraft:sand":1,"minecraft:dirt":2,"minecraft:cobweb":2,"quark:indigo_corundum_cluster":1,"minecraft:stone_bricks":28,"minecraft:polished_andesite":5,"minecraft:mossy_stone_bricks":1,"minecraft:oak_leaves":6,"minecraft:fern":5},"minecraft:crafted":{"minecraft:oak_planks":28,"quark:jungle_chest":1,"minecraft:furnace":1,"minecraft:iron_boots":3,"minecraft:stone_pickaxe":3,"minecraft:wheat":333,"iceandfire:silver_ingot":8,"minecraft:crafting_table":4,"minecraft:iron_sword":4,"minecraft:gold_block":2,"minecraft:bread":111,"minecraft:air":0,"minecraft:jungle_planks":24,"minecraft:iron_chestplate":1,"quark:oak_chest":1,"minecraft:stick":28,"minecraft:iron_ingot":3,"minecraft:iron_pickaxe":2,"minecraft:stone_sword":1,"minecraft:iron_leggings":4,"minecraft:white_bed":1,"minecraft:torch":76},"minecraft:picked_up":{"sophisticatedbackpacks:gold_backpack":3,"luminousworld:groundpebbles_1":3,"minecraft:crafting_table":2,"minecraft:redstone_block":2,"illagerinvasion:platinum_chunk":5,"minecraft:smithing_table":1,"aether:iron_gloves":1,"ecologics:seashell":1,"friendsandfoes:totem_of_illusion":4,"minecraft:stone_brick_wall":2,"minecraft:gold_block":7,"minecraft:stone_brick_stairs":3,"tombstone:grave_key":1,"minecraft:brewing_stand":1,"minecraft:string":3,"minecraft:iron_axe":4,"minecraft:item_frame":1,"minecraft:armor_stand":1,"minecraft:experience_bottle":28,"quark:indigo_corundum":1,"minecraft:gold_nugget":6,"minecraft:spruce_planks":3,"minecraft:melon_slice":128,"minecraft:chest":1,"minecraft:furnace":1,"minecraft:stick":7,"minecraft:raw_iron":11,"luminousworld:spuds":2,"born_in_chaos_v1:shattered_skull":1,"minecraft:jukebox":1,"minecraft:torch":13,"tombstone:grave_dust":4,"tombstone:tablet_of_cupidity":1,"minecraft:purple_terracotta":6,"minecraft:dark_oak_planks":3,"minecraft:stone_sword":2,"minecraft:arrow":19,"minecraft:rotten_flesh":18,"minecraft:diamond_chestplate":1,"minecraft:vex_armor_trim_smithing_template":1,"minecraft:hay_block":40,"minecraft:cyan_terracotta":5,"quark:indigo_corundum_cluster":1,"minecraft:totem_of_undying":6,"minecraft:mutton":6,"minecraft:white_wool":6,"minecraft:cobblestone":192,"born_in_chaos_v1:corpse_maggot":2,"minecraft:andesite":16,"minecraft:jungle_log":6,"minecraft:black_bed":1,"minecraft:oak_log":23,"minecraft:chainmail_chestplate":1,"undead_revamp2:huntereye":1,"minecraft:gunpowder":28,"minecraft:map":1,"minecraft:magenta_terracotta":5,"minecraft:dirt":19,"minecraft:paper":4,"minecraft:name_tag":1,"minecraft:bone":9,"minecraft:stone_bricks":30,"minecraft:bow":1,"minecraft:wheat_seeds":9,"minecraft:iron_ingot":1,"minecraft:stone_pickaxe":2,"minecraft:mossy_stone_bricks":1,"minecraft:glass_bottle":1,"minecraft:iron_sword":1,"minecraft:oak_planks":2,"minecraft:book":6,"minecraft:black_terracotta":12,"luminousworld:clovers_1":1,"minecraft:sweet_berries":3,"minecraft:chiseled_stone_bricks":2,"luminousworld:creepberries":3,"minecraft:gravel":13,"minecraft:jungle_planks":3,"minecraft:white_bed":3,"minecraft:fermented_spider_eye":2,"illagerinvasion:illusionary_dust":2,"naturalist:duck_egg":2,"tombstone:scroll_of_mercy":1,"minecraft:light_gray_concrete":7,"minecraft:polished_andesite":3,"minecraft:chainmail_leggings":1,"minecraft:granite":1,"minecraft:chainmail_helmet":2,"minecraft:bread":2,"minecraft:emerald":33,"tombstone:magic_scroll":1,"minecraft:oak_sapling":2,"minecraft:black_wool":1,"minecraft:coal":92,"iceandfire:raw_silver":16},"minecraft:killed":{"illagerinvasion:archivist":5,"minecraft:evoker":6,"undead_revamp2:thehunter":1,"minecraft:vindicator":27,"illagerinvasion:marauder":5,"undead_revamp2:thesmoker":1,"enemyexpansion:direwolf":1,"born_in_chaos_v1:maggot":1,"minecraft:skeleton":2,"illagerinvasion:provoker":8,"minecraft:illusioner":4,"illagerinvasion:necromancer":1,"born_in_chaos_v1:baby_skeleton":1,"undead_revamp2:the_moonflower":1,"enemyexpansion:sprinter":2,"illagerinvasion:alchemist":1,"minecraft:sheep":4,"minecraft:pillager":15,"minecraft:zombie":10,"born_in_chaos_v1:corpse_fly":1},"minecraft:broken":{"minecraft:diamond_chestplate":1,"minecraft:chainmail_leggings":1,"minecraft:iron_boots":1,"minecraft:iron_leggings":1,"minecraft:chainmail_helmet":1,"minecraft:stone_pickaxe":2,"minecraft:iron_axe":1,"minecraft:iron_sword":3,"minecraft:iron_helmet":2},"minecraft:dropped":{"minecraft:bread":45,"minecraft:iron_sword":1,"minecraft:wheat_seeds":3,"minecraft:glass_bottle":2,"minecraft:crafting_table":1,"luminousworld:spuds":1,"minecraft:iron_helmet":1,"tombstone:scroll_of_mercy":1,"minecraft:polished_andesite":1,"sophisticatedbackpacks:gold_backpack":2,"minecraft:gold_block":4,"minecraft:dirt":9,"tombstone:magic_scroll":1,"tombstone:grave_key":1,"minecraft:melon_slice":25,"minecraft:iron_leggings":2,"minecraft:iron_pickaxe":1,"minecraft:bone":6,"minecraft:stone_sword":2,"minecraft:experience_bottle":28,"minecraft:rotten_flesh":8,"minecraft:iron_boots":1,"minecraft:name_tag":1,"minecraft:gunpowder":35,"aether:iron_gloves":2,"minecraft:diamond_chestplate":1,"minecraft:spruce_planks":2,"minecraft:iron_chestplate":1,"minecraft:andesite":1,"born_in_chaos_v1:corpse_maggot":1,"minecraft:mossy_stone_bricks":1,"minecraft:stone_brick_wall":1,"minecraft:arrow":2,"minecraft:stone_pickaxe":2,"minecraft:vex_armor_trim_smithing_template":1},"minecraft:killed_by":{"minecraft:evoker":1,"born_in_chaos_v1:nightmare_stalker":2,"minecraft:pillager":7,"minecraft:vindicator":39,"enemyexpansion:sprinter":1,"minecraft:skeleton":1,"minecraft:zombie":2,"alexsmobs:grizzly_bear":1,"alexsmobs:komodo_dragon":1,"illagerinvasion:marauder":4,"iceandfire:ghost":2,"born_in_chaos_v1:door_knight":1,"ecologics:coconut_crab":1,"minecraft:illusioner":6,"minecraft:vex":14},"minecraft:used":{"luminousworld:spuds":1,"minecraft:stone_sword":44,"quark:jungle_chest":1,"minecraft:chest":1,"minecraft:iron_sword":728,"minecraft:iron_chestplate":1,"minecraft:torch":90,"minecraft:dirt":9,"minecraft:mutton":6,"minecraft:jungle_planks":5,"minecraft:granite":1,"minecraft:dark_oak_planks":2,"minecraft:cyan_terracotta":5,"friendsandfoes:totem_of_illusion":1,"minecraft:iron_axe":73,"minecraft:iron_helmet":2,"minecraft:stone_brick_stairs":3,"minecraft:stone_bricks":22,"minecraft:diamond_chestplate":1,"minecraft:hay_block":3,"minecraft:magenta_terracotta":5,"minecraft:furnace":2,"minecraft:gold_block":1,"tombstone:gift":6,"luminousworld:clovers_1":1,"minecraft:iron_leggings":1,"minecraft:bundle":1,"minecraft:stone_pickaxe":276,"minecraft:polished_andesite":2,"minecraft:oak_planks":1,"naturalist:duck_egg":2,"minecraft:crafting_table":5,"minecraft:white_bed":4,"minecraft:stone_brick_wall":1,"minecraft:purple_terracotta":6,"minecraft:black_bed":1,"minecraft:black_terracotta":12,"luminousworld:creepberries":3,"minecraft:iron_pickaxe":148,"minecraft:map":1,"minecraft:melon_slice":51,"minecraft:bread":29,"minecraft:light_gray_concrete":7,"minecraft:gravel":4,"minecraft:golden_helmet":1,"minecraft:chiseled_stone_bricks":2,"minecraft:cobblestone":47,"minecraft:potion":1,"minecraft:andesite":15,"quark:oak_chest":1,"minecraft:golden_pickaxe":19},"minecraft:custom":{"minecraft:interact_with_smithing_table":1,"minecraft:mob_kills":101,"minecraft:interact_with_crafting_table":29,"minecraft:open_barrel":28,"minecraft:damage_dealt_resisted":370,"minecraft:leave_game":6,"minecraft:time_since_death":362,"minecraft:climb_one_cm":48314,"minecraft:sprint_one_cm":1144533,"minecraft:walk_one_cm":520138,"minecraft:drop":45,"minecraft:play_time":234387,"minecraft:sneak_time":2813,"minecraft:deaths":91,"minecraft:walk_under_water_one_cm":30055,"minecraft:interact_with_brewingstand":2,"minecraft:jump":3290,"minecraft:walk_on_water_one_cm":173104,"minecraft:total_world_time":234387,"minecraft:interact_with_furnace":8,"tombstone:raider_killed":72,"minecraft:tune_noteblock":8,"minecraft:sleep_in_bed":3,"minecraft:time_since_rest":1,"minecraft:damage_taken":33040,"minecraft:trigger_trapped_chest":1,"minecraft:damage_dealt":33627,"minecraft:swim_one_cm":294502,"minecraft:fly_one_cm":503255,"minecraft:open_chest":86,"minecraft:crouch_one_cm":6996,"tombstone:undead_killed":18,"minecraft:interact_with_smoker":1,"minecraft:fall_one_cm":55698}},"DataVersion":3465}