{"stats":{"minecraft:custom":{"minecraft:interact_with_furnace":2,"minecraft:mob_kills":6,"minecraft:interact_with_crafting_table":10,"minecraft:time_since_death":30631,"minecraft:climb_one_cm":60,"minecraft:time_since_rest":30826,"minecraft:sprint_one_cm":262884,"minecraft:damage_taken":2401,"minecraft:walk_one_cm":148021,"minecraft:drop":7,"minecraft:damage_dealt":1239,"minecraft:swim_one_cm":112270,"minecraft:fly_one_cm":107317,"minecraft:player_kills":1,"minecraft:crouch_one_cm":775,"minecraft:play_time":58509,"minecraft:deaths":8,"minecraft:sneak_time":663,"minecraft:walk_under_water_one_cm":22093,"minecraft:jump":795,"minecraft:walk_on_water_one_cm":20152,"minecraft:total_world_time":58509,"minecraft:fall_one_cm":20178},"minecraft:dropped":{"minecraft:gravel":41,"minecraft:wheat_seeds":6,"minecraft:clay_ball":24,"minecraft:andesite":1},"minecraft:crafted":{"minecraft:wooden_sword":1,"minecraft:oak_planks":8,"minecraft:stone_shovel":1,"minecraft:crafting_table":3,"minecraft:spruce_planks":36,"minecraft:wooden_pickaxe":2,"minecraft:furnace":1,"minecraft:dark_oak_door":12,"minecraft:stick":20,"minecraft:iron_pickaxe":1,"minecraft:iron_ingot":13,"minecraft:stone_pickaxe":2,"minecraft:wooden_axe":1,"minecraft:dark_oak_planks":80,"minecraft:torch":12},"minecraft:picked_up":{"minecraft:wooden_axe":2,"minecraft:crafting_table":5,"minecraft:clay_ball":28,"minecraft:andesite":1,"minecraft:brown_mushroom":17,"minecraft:wooden_pickaxe":2,"minecraft:flint":3,"minecraft:oak_log":4,"minecraft:string":2,"minecraft:dirt":60,"minecraft:moss_carpet":2,"minecraft:wooden_sword":2,"minecraft:bow":2,"minecraft:wheat_seeds":6,"minecraft:cobbled_deepslate":6,"minecraft:spruce_planks":56,"minecraft:moss_block":2,"minecraft:egg":2,"minecraft:stick":11,"minecraft:raw_iron":52,"minecraft:sweet_berries":74,"minecraft:torch":11,"minecraft:gravel":41,"minecraft:porkchop":8,"minecraft:spruce_log":13,"minecraft:redstone":4,"minecraft:dark_oak_log":42,"minecraft:spider_eye":1,"minecraft:diamond":1,"minecraft:rooted_dirt":3,"minecraft:glow_berries":8,"minecraft:coal":37,"minecraft:cobblestone":171},"minecraft:broken":{"minecraft:stone_pickaxe":1,"minecraft:wooden_pickaxe":1},"minecraft:killed_by":{"minecraft:player":3,"minecraft:skeleton":2,"minecraft:creeper":1,"minecraft:spider":1,"minecraft:zombie":1},"minecraft:mined":{"minecraft:deepslate_redstone_ore":1,"minecraft:brown_mushroom":9,"minecraft:dark_oak_leaves":10,"minecraft:deepslate_diamond_ore":1,"minecraft:dark_oak_log":26,"minecraft:clay":8,"minecraft:crafting_table":4,"minecraft:cave_vines_plant":7,"minecraft:grass_block":38,"minecraft:mushroom_stem":1,"minecraft:tall_grass":1,"minecraft:spruce_leaves":17,"minecraft:moss_block":2,"minecraft:rooted_dirt":3,"minecraft:large_fern":11,"minecraft:iron_ore":29,"minecraft:fire":4,"minecraft:sweet_berry_bush":29,"minecraft:spruce_log":16,"minecraft:andesite":1,"minecraft:grass":8,"minecraft:oak_log":2,"minecraft:coal_ore":36,"minecraft:cave_vines":4,"minecraft:deepslate_iron_ore":24,"minecraft:dirt_path":1,"minecraft:gravel":41,"minecraft:dirt":21,"minecraft:azalea":1,"minecraft:stone":163,"minecraft:oak_leaves":2,"minecraft:deepslate":6,"minecraft:fern":26},"minecraft:killed":{"minecraft:pig":4,"minecraft:spider":1,"minecraft:skeleton":1},"minecraft:used":{"minecraft:stone_shovel":90,"minecraft:stone_pickaxe":184,"minecraft:wooden_pickaxe":78,"minecraft:torch":6,"minecraft:glow_berries":2,"minecraft:dirt":27,"minecraft:crafting_table":7,"minecraft:dark_oak_door":4,"minecraft:wooden_axe":29,"minecraft:dark_oak_log":5,"minecraft:iron_pickaxe":13,"minecraft:wooden_sword":31,"minecraft:sweet_berries":67,"minecraft:furnace":1,"minecraft:egg":2}},"DataVersion":3120}