{"stats":{"minecraft:custom":{"minecraft:interact_with_furnace":4,"minecraft:mob_kills":6,"minecraft:interact_with_crafting_table":13,"minecraft:time_since_death":42631,"minecraft:climb_one_cm":576,"minecraft:time_since_rest":42826,"minecraft:sprint_one_cm":319422,"minecraft:damage_taken":2476,"minecraft:walk_one_cm":169550,"minecraft:drop":8,"minecraft:damage_dealt":1239,"minecraft:swim_one_cm":126620,"minecraft:fly_one_cm":129985,"minecraft:player_kills":1,"minecraft:crouch_one_cm":775,"minecraft:play_time":70509,"minecraft:deaths":8,"minecraft:sneak_time":678,"minecraft:walk_under_water_one_cm":23049,"minecraft:jump":1094,"minecraft:walk_on_water_one_cm":23817,"minecraft:total_world_time":70509,"minecraft:fall_one_cm":25202},"minecraft:dropped":{"minecraft:gravel":41,"minecraft:wheat_seeds":6,"minecraft:clay_ball":24,"minecraft:andesite":1,"minecraft:iron_pickaxe":1},"minecraft:crafted":{"minecraft:wooden_sword":1,"minecraft:oak_planks":8,"minecraft:stone_shovel":1,"minecraft:crafting_table":3,"minecraft:spruce_planks":36,"minecraft:iron_helmet":1,"minecraft:wooden_pickaxe":2,"minecraft:furnace":1,"minecraft:bucket":1,"minecraft:air":0,"minecraft:dark_oak_door":12,"minecraft:iron_boots":1,"minecraft:iron_chestplate":1,"minecraft:shield":1,"minecraft:stick":20,"minecraft:iron_pickaxe":1,"minecraft:iron_ingot":55,"minecraft:stone_pickaxe":2,"minecraft:wooden_axe":1,"minecraft:iron_leggings":1,"minecraft:dark_oak_planks":80,"minecraft:torch":12},"minecraft:picked_up":{"minecraft:wooden_axe":2,"minecraft:crafting_table":6,"minecraft:clay_ball":72,"minecraft:andesite":2,"minecraft:brown_mushroom":17,"minecraft:wooden_pickaxe":2,"minecraft:flint":3,"minecraft:oak_log":4,"minecraft:string":2,"minecraft:dirt":65,"minecraft:moss_carpet":3,"minecraft:wooden_sword":2,"minecraft:bow":2,"minecraft:wheat_seeds":7,"minecraft:cobbled_deepslate":8,"minecraft:spruce_planks":56,"minecraft:iron_pickaxe":1,"minecraft:moss_block":5,"minecraft:furnace":1,"minecraft:egg":2,"minecraft:stick":11,"minecraft:raw_iron":68,"minecraft:sweet_berries":74,"minecraft:torch":11,"minecraft:gravel":41,"minecraft:porkchop":8,"minecraft:spruce_log":13,"minecraft:redstone":4,"minecraft:dark_oak_log":42,"minecraft:spider_eye":1,"minecraft:diamond":5,"minecraft:rooted_dirt":3,"minecraft:glow_berries":8,"minecraft:coal":63,"minecraft:cobblestone":171},"minecraft:broken":{"minecraft:stone_pickaxe":1,"minecraft:wooden_pickaxe":1},"minecraft:killed_by":{"minecraft:player":3,"minecraft:skeleton":2,"minecraft:creeper":1,"minecraft:spider":1,"minecraft:zombie":1},"minecraft:mined":{"minecraft:deepslate_redstone_ore":1,"minecraft:brown_mushroom":9,"minecraft:dark_oak_leaves":10,"minecraft:deepslate_diamond_ore":5,"minecraft:dark_oak_log":26,"minecraft:clay":8,"minecraft:crafting_table":5,"minecraft:cave_vines_plant":7,"minecraft:grass_block":40,"minecraft:mushroom_stem":1,"minecraft:tall_grass":2,"minecraft:spruce_leaves":17,"minecraft:moss_block":2,"minecraft:rooted_dirt":3,"minecraft:large_fern":11,"minecraft:furnace":1,"minecraft:iron_ore":39,"minecraft:fire":4,"minecraft:sweet_berry_bush":29,"minecraft:spruce_log":16,"minecraft:andesite":2,"minecraft:grass":10,"minecraft:oak_log":2,"minecraft:coal_ore":36,"minecraft:cave_vines":4,"minecraft:deepslate_iron_ore":30,"minecraft:dirt_path":1,"minecraft:sand":3,"minecraft:gravel":41,"minecraft:dirt":26,"minecraft:azalea":1,"minecraft:stone":163,"minecraft:oak_leaves":2,"minecraft:deepslate":8,"minecraft:fern":26},"minecraft:killed":{"minecraft:pig":4,"minecraft:spider":1,"minecraft:skeleton":1},"minecraft:used":{"minecraft:water_bucket":12,"minecraft:stone_shovel":90,"minecraft:stone_pickaxe":198,"minecraft:wooden_pickaxe":78,"minecraft:torch":11,"minecraft:glow_berries":9,"minecraft:dirt":55,"minecraft:crafting_table":7,"minecraft:dark_oak_door":4,"minecraft:wooden_axe":29,"minecraft:lava_bucket":7,"minecraft:dark_oak_log":5,"minecraft:iron_pickaxe":24,"minecraft:wooden_sword":31,"minecraft:sweet_berries":82,"minecraft:furnace":1,"minecraft:bucket":20,"minecraft:egg":2}},"DataVersion":3120}