{"stats":{"minecraft:picked_up":{"luminousworld:groundpebbles_1":3,"minecraft:stick":4,"ecologics:seashell":1,"minecraft:oak_log":7,"quark:indigo_corundum":1,"minecraft:granite":1,"quark:indigo_corundum_cluster":1,"minecraft:oak_sapling":2,"minecraft:chest":1,"minecraft:coal":3,"minecraft:cobblestone":6,"minecraft:furnace":1},"minecraft:custom":{"minecraft:time_since_rest":3069,"minecraft:interact_with_furnace":3,"minecraft:sprint_one_cm":102046,"minecraft:damage_taken":300,"minecraft:walk_one_cm":55650,"minecraft:damage_dealt":10,"minecraft:swim_one_cm":11314,"minecraft:tune_noteblock":8,"minecraft:fly_one_cm":59850,"minecraft:open_chest":6,"minecraft:crouch_one_cm":880,"minecraft:play_time":18339,"minecraft:deaths":1,"minecraft:sneak_time":363,"minecraft:walk_under_water_one_cm":2274,"minecraft:jump":288,"minecraft:leave_game":1,"minecraft:walk_on_water_one_cm":33348,"minecraft:time_since_death":11665,"minecraft:sleep_in_bed":2,"minecraft:climb_one_cm":6090,"minecraft:total_world_time":18339,"minecraft:fall_one_cm":5911},"minecraft:used":{"minecraft:chest":1,"minecraft:furnace":1,"minecraft:golden_pickaxe":13},"minecraft:killed_by":{"alexsmobs:grizzly_bear":1},"minecraft:mined":{"minecraft:furnace":1,"ecologics:seashell":1,"luminousworld:grassvariant_4":1,"minecraft:granite":1,"minecraft:grass":2,"minecraft:oak_log":7,"minecraft:coal_ore":1,"minecraft:chest":1,"minecraft:sand":1,"quark:indigo_corundum":1,"quark:indigo_corundum_cluster":1,"minecraft:stone":7,"minecraft:oak_leaves":3},"minecraft:crafted":{"minecraft:oak_planks":28,"minecraft:crafting_table":1}},"DataVersion":3465}