{"stats":{"minecraft:mined":{"minecraft:dark_oak_planks":4,"minecraft:white_bed":1,"iceandfire:silver_ore":7,"luminousworld:grassvariant_4":1,"minecraft:black_terracotta":15,"minecraft:brewing_stand":1,"minecraft:granite":1,"minecraft:purple_terracotta":6,"minecraft:grass_block":2,"alexsmobs:leafcutter_ant_chamber":2,"minecraft:spruce_leaves":2,"minecraft:large_fern":1,"minecraft:hay_block":36,"minecraft:furnace":1,"minecraft:iron_ore":2,"minecraft:andesite":15,"luminousworld:mossbuds_3":3,"minecraft:gold_block":1,"minecraft:bookshelf":3,"minecraft:vine":1,"quark:indigo_corundum":1,"minecraft:stone":180,"luminousworld:creepbush":3,"minecraft:crafting_table":2,"minecraft:torch":5,"minecraft:melon":25,"minecraft:chest":1,"minecraft:cobblestone":9,"minecraft:diorite":2,"minecraft:wall_torch":7,"ecologics:seashell":1,"minecraft:magenta_terracotta":6,"minecraft:sweet_berry_bush":1,"placeablesmod:iron_ingot_block_1":1,"minecraft:spruce_log":1,"minecraft:jukebox":1,"minecraft:black_bed":1,"minecraft:grass":7,"minecraft:coal_ore":89,"minecraft:oak_log":7,"minecraft:sand":1,"minecraft:gravel":2,"minecraft:dirt":1,"minecraft:cobweb":1,"quark:indigo_corundum_cluster":1,"minecraft:polished_andesite":2,"minecraft:oak_leaves":4,"minecraft:fern":1},"minecraft:crafted":{"minecraft:oak_planks":28,"quark:jungle_chest":1,"minecraft:furnace":1,"minecraft:iron_boots":1,"minecraft:stone_pickaxe":3,"minecraft:wheat":9,"iceandfire:silver_ingot":8,"minecraft:crafting_table":4,"minecraft:iron_sword":2,"minecraft:gold_block":2,"minecraft:bread":3,"minecraft:air":0,"minecraft:jungle_planks":24,"minecraft:stick":28,"quark:oak_chest":1,"minecraft:iron_ingot":3,"minecraft:iron_pickaxe":1,"minecraft:stone_sword":1,"minecraft:iron_leggings":2,"minecraft:white_bed":1,"minecraft:torch":76},"minecraft:picked_up":{"sophisticatedbackpacks:gold_backpack":1,"luminousworld:groundpebbles_1":3,"minecraft:crafting_table":2,"illagerinvasion:platinum_chunk":3,"ecologics:seashell":1,"friendsandfoes:totem_of_illusion":1,"minecraft:stone_brick_wall":1,"minecraft:gold_block":7,"tombstone:grave_key":1,"minecraft:brewing_stand":1,"minecraft:string":1,"minecraft:iron_axe":1,"minecraft:experience_bottle":28,"quark:indigo_corundum":1,"minecraft:gold_nugget":6,"minecraft:spruce_planks":3,"minecraft:melon_slice":128,"minecraft:chest":1,"minecraft:furnace":1,"minecraft:stick":5,"minecraft:raw_iron":3,"born_in_chaos_v1:shattered_skull":1,"minecraft:jukebox":1,"minecraft:torch":13,"tombstone:tablet_of_cupidity":1,"minecraft:purple_terracotta":6,"minecraft:dark_oak_planks":3,"minecraft:rotten_flesh":6,"minecraft:stone_sword":2,"minecraft:arrow":3,"minecraft:diamond_chestplate":1,"minecraft:vex_armor_trim_smithing_template":1,"minecraft:hay_block":35,"quark:indigo_corundum_cluster":1,"minecraft:mutton":6,"minecraft:cobblestone":180,"minecraft:white_wool":6,"born_in_chaos_v1:corpse_maggot":1,"minecraft:andesite":15,"minecraft:jungle_log":6,"minecraft:black_bed":1,"minecraft:oak_log":7,"undead_revamp2:huntereye":1,"minecraft:gunpowder":28,"minecraft:magenta_terracotta":5,"minecraft:dirt":6,"minecraft:name_tag":1,"minecraft:bone":5,"minecraft:stone_bricks":1,"minecraft:wheat_seeds":5,"minecraft:iron_ingot":1,"minecraft:stone_pickaxe":2,"minecraft:book":6,"minecraft:black_terracotta":12,"luminousworld:clovers_1":1,"minecraft:sweet_berries":3,"luminousworld:creepberries":3,"minecraft:gravel":13,"minecraft:jungle_planks":3,"minecraft:white_bed":1,"minecraft:fermented_spider_eye":2,"illagerinvasion:illusionary_dust":1,"tombstone:scroll_of_mercy":1,"minecraft:granite":1,"minecraft:bread":1,"minecraft:emerald":15,"tombstone:magic_scroll":1,"minecraft:black_wool":1,"minecraft:oak_sapling":2,"minecraft:coal":92,"iceandfire:raw_silver":8},"minecraft:killed":{"undead_revamp2:thehunter":1,"minecraft:vindicator":14,"born_in_chaos_v1:maggot":1,"minecraft:illusioner":1,"enemyexpansion:sprinter":1,"minecraft:sheep":4,"minecraft:pillager":12,"minecraft:zombie":3},"minecraft:broken":{"minecraft:iron_boots":1,"minecraft:iron_leggings":1,"minecraft:stone_pickaxe":2,"minecraft:iron_axe":1,"minecraft:iron_sword":1,"minecraft:iron_helmet":1},"minecraft:dropped":{"minecraft:glass_bottle":1,"minecraft:crafting_table":1,"minecraft:iron_helmet":1,"tombstone:scroll_of_mercy":1,"minecraft:gold_block":4,"tombstone:magic_scroll":1,"tombstone:grave_key":1,"minecraft:iron_leggings":1,"minecraft:bone":6,"minecraft:stone_sword":2,"minecraft:experience_bottle":28,"minecraft:rotten_flesh":2,"minecraft:name_tag":1,"minecraft:gunpowder":35,"aether:iron_gloves":1,"minecraft:diamond_chestplate":1,"minecraft:spruce_planks":2,"minecraft:arrow":2,"minecraft:stone_pickaxe":2,"minecraft:vex_armor_trim_smithing_template":1},"minecraft:killed_by":{"born_in_chaos_v1:nightmare_stalker":2,"minecraft:pillager":6,"minecraft:vindicator":21,"enemyexpansion:sprinter":1,"minecraft:skeleton":1,"alexsmobs:grizzly_bear":1,"alexsmobs:komodo_dragon":1,"iceandfire:ghost":1,"ecologics:coconut_crab":1,"minecraft:vex":8,"minecraft:illusioner":2},"minecraft:used":{"minecraft:stone_sword":44,"quark:jungle_chest":1,"minecraft:chest":1,"minecraft:iron_sword":323,"minecraft:torch":65,"minecraft:dirt":6,"minecraft:mutton":4,"minecraft:jungle_planks":5,"minecraft:granite":1,"friendsandfoes:totem_of_illusion":1,"minecraft:iron_axe":49,"minecraft:iron_helmet":2,"minecraft:stone_bricks":1,"minecraft:magenta_terracotta":5,"minecraft:furnace":2,"minecraft:gold_block":1,"tombstone:gift":6,"luminousworld:clovers_1":1,"minecraft:bundle":1,"minecraft:stone_pickaxe":276,"minecraft:crafting_table":5,"minecraft:white_bed":2,"minecraft:purple_terracotta":6,"minecraft:black_bed":1,"minecraft:black_terracotta":12,"luminousworld:creepberries":3,"minecraft:bread":4,"minecraft:melon_slice":25,"minecraft:iron_pickaxe":55,"minecraft:gravel":4,"minecraft:golden_helmet":1,"minecraft:cobblestone":38,"minecraft:potion":1,"minecraft:andesite":15,"quark:oak_chest":1,"minecraft:golden_pickaxe":19},"minecraft:custom":{"minecraft:mob_kills":38,"minecraft:interact_with_crafting_table":21,"minecraft:open_barrel":17,"minecraft:damage_dealt_resisted":285,"minecraft:leave_game":3,"minecraft:time_since_death":125,"minecraft:climb_one_cm":41900,"minecraft:sprint_one_cm":698625,"minecraft:walk_one_cm":327023,"minecraft:drop":24,"minecraft:play_time":140781,"minecraft:deaths":50,"minecraft:sneak_time":2236,"minecraft:walk_under_water_one_cm":3903,"minecraft:jump":1895,"minecraft:interact_with_brewingstand":1,"minecraft:walk_on_water_one_cm":43109,"minecraft:total_world_time":140781,"minecraft:interact_with_furnace":8,"tombstone:raider_killed":27,"minecraft:tune_noteblock":8,"minecraft:sleep_in_bed":3,"minecraft:time_since_rest":1,"minecraft:damage_taken":18911,"minecraft:trigger_trapped_chest":1,"minecraft:damage_dealt":16569,"minecraft:swim_one_cm":28952,"minecraft:fly_one_cm":281200,"minecraft:open_chest":45,"minecraft:crouch_one_cm":4783,"tombstone:undead_killed":5,"minecraft:fall_one_cm":38049}},"DataVersion":3465}