{"stats":{"minecraft:dropped":{"minecraft:wheat_seeds":3},"minecraft:custom":{"minecraft:time_since_rest":2329,"minecraft:sprint_one_cm":159017,"minecraft:damage_taken":1841,"minecraft:walk_one_cm":56614,"minecraft:mob_kills":6,"minecraft:drop":3,"minecraft:damage_dealt":1152,"minecraft:player_kills":1,"minecraft:fly_one_cm":57896,"minecraft:swim_one_cm":10451,"minecraft:interact_with_crafting_table":3,"minecraft:crouch_one_cm":273,"minecraft:play_time":22509,"minecraft:deaths":6,"minecraft:sneak_time":103,"minecraft:walk_under_water_one_cm":4334,"minecraft:jump":364,"minecraft:walk_on_water_one_cm":2001,"minecraft:time_since_death":2297,"minecraft:total_world_time":22509,"minecraft:fall_one_cm":13233},"minecraft:crafted":{"minecraft:wooden_sword":1,"minecraft:crafting_table":2,"minecraft:spruce_planks":36,"minecraft:stick":12,"minecraft:wooden_pickaxe":2,"minecraft:wooden_axe":1,"minecraft:torch":12},"minecraft:picked_up":{"minecraft:wooden_axe":1,"minecraft:stick":11,"minecraft:crafting_table":2,"minecraft:sweet_berries":46,"minecraft:brown_mushroom":9,"minecraft:wooden_pickaxe":1,"minecraft:porkchop":4,"minecraft:oak_log":2,"minecraft:spruce_log":13,"minecraft:dark_oak_log":22,"minecraft:spider_eye":1,"minecraft:dirt":9,"minecraft:string":2,"minecraft:wooden_sword":1,"minecraft:bow":1,"minecraft:wheat_seeds":3,"minecraft:spruce_planks":52,"minecraft:coal":4,"minecraft:cobblestone":25,"minecraft:egg":2},"minecraft:killed_by":{"minecraft:player":3,"minecraft:skeleton":2,"minecraft:creeper":1},"minecraft:mined":{"minecraft:large_fern":4,"minecraft:brown_mushroom":9,"minecraft:dark_oak_leaves":10,"minecraft:fire":4,"minecraft:sweet_berry_bush":22,"minecraft:spruce_log":16,"minecraft:dark_oak_log":21,"minecraft:crafting_table":2,"minecraft:grass":5,"minecraft:coal_ore":4,"minecraft:grass_block":3,"minecraft:oak_log":2,"minecraft:dirt":4,"minecraft:spruce_leaves":7,"minecraft:stone":24,"minecraft:oak_leaves":2,"minecraft:fern":23},"minecraft:killed":{"minecraft:skeleton":1,"minecraft:pig":4,"minecraft:spider":1},"minecraft:used":{"minecraft:wooden_axe":22,"minecraft:dark_oak_log":5,"minecraft:wooden_pickaxe":30,"minecraft:torch":1,"minecraft:wooden_sword":31,"minecraft:dirt":7,"minecraft:sweet_berries":39,"minecraft:crafting_table":3,"minecraft:egg":2}},"DataVersion":3120}