{"stats":{"minecraft:mined":{"minecraft:white_bed":1,"iceandfire:silver_ore":7,"luminousworld:grassvariant_4":1,"minecraft:brewing_stand":1,"minecraft:granite":1,"minecraft:grass_block":2,"alexsmobs:leafcutter_ant_chamber":2,"minecraft:spruce_leaves":2,"minecraft:hay_block":18,"minecraft:furnace":1,"minecraft:iron_ore":2,"minecraft:andesite":15,"luminousworld:mossbuds_3":3,"minecraft:bookshelf":3,"minecraft:vine":1,"quark:indigo_corundum":1,"minecraft:stone":180,"luminousworld:creepbush":3,"minecraft:crafting_table":2,"minecraft:torch":5,"minecraft:melon":25,"minecraft:chest":1,"minecraft:cobblestone":8,"minecraft:diorite":2,"minecraft:wall_torch":7,"ecologics:seashell":1,"minecraft:sweet_berry_bush":1,"placeablesmod:iron_ingot_block_1":1,"minecraft:spruce_log":1,"minecraft:black_bed":1,"minecraft:grass":6,"minecraft:coal_ore":89,"minecraft:oak_log":7,"minecraft:sand":1,"minecraft:gravel":2,"minecraft:dirt":1,"quark:indigo_corundum_cluster":1,"minecraft:polished_andesite":2,"minecraft:oak_leaves":4,"minecraft:fern":1},"minecraft:crafted":{"minecraft:oak_planks":28,"quark:jungle_chest":1,"minecraft:furnace":1,"minecraft:iron_boots":1,"minecraft:stone_pickaxe":3,"minecraft:wheat":9,"iceandfire:silver_ingot":8,"minecraft:crafting_table":3,"minecraft:iron_sword":1,"minecraft:gold_block":2,"minecraft:bread":3,"minecraft:air":0,"minecraft:jungle_planks":24,"minecraft:stick":24,"quark:oak_chest":1,"minecraft:iron_ingot":3,"minecraft:iron_pickaxe":1,"minecraft:stone_sword":1,"minecraft:iron_leggings":2,"minecraft:white_bed":1,"minecraft:torch":32},"minecraft:picked_up":{"luminousworld:groundpebbles_1":3,"minecraft:crafting_table":2,"illagerinvasion:platinum_chunk":1,"ecologics:seashell":1,"minecraft:gold_block":2,"minecraft:brewing_stand":1,"minecraft:iron_axe":1,"quark:indigo_corundum":1,"minecraft:melon_slice":128,"minecraft:chest":1,"minecraft:furnace":1,"minecraft:stick":5,"minecraft:raw_iron":3,"born_in_chaos_v1:shattered_skull":1,"minecraft:torch":12,"tombstone:tablet_of_cupidity":1,"minecraft:stone_sword":2,"minecraft:arrow":1,"minecraft:diamond_chestplate":1,"minecraft:hay_block":18,"quark:indigo_corundum_cluster":1,"minecraft:mutton":6,"minecraft:cobblestone":179,"minecraft:white_wool":6,"minecraft:andesite":15,"minecraft:jungle_log":6,"minecraft:black_bed":1,"minecraft:oak_log":7,"minecraft:dirt":6,"minecraft:bone":5,"minecraft:wheat_seeds":4,"minecraft:iron_ingot":1,"minecraft:stone_pickaxe":2,"minecraft:book":6,"luminousworld:clovers_1":1,"minecraft:sweet_berries":3,"luminousworld:creepberries":3,"minecraft:gravel":13,"minecraft:jungle_planks":3,"minecraft:white_bed":1,"minecraft:fermented_spider_eye":2,"minecraft:granite":1,"minecraft:bread":1,"minecraft:emerald":6,"minecraft:black_wool":1,"minecraft:oak_sapling":2,"minecraft:coal":92,"iceandfire:raw_silver":8},"minecraft:killed":{"minecraft:vindicator":5,"minecraft:sheep":4,"minecraft:pillager":5},"minecraft:broken":{"minecraft:stone_pickaxe":2,"minecraft:iron_axe":1},"minecraft:dropped":{"minecraft:glass_bottle":1,"minecraft:crafting_table":1,"minecraft:iron_helmet":1,"minecraft:iron_leggings":1,"minecraft:bone":6,"minecraft:stone_sword":2,"minecraft:gunpowder":7,"aether:iron_gloves":1,"minecraft:diamond_chestplate":1,"minecraft:arrow":2,"minecraft:stone_pickaxe":2},"minecraft:killed_by":{"minecraft:pillager":5,"minecraft:vindicator":6,"enemyexpansion:sprinter":1,"minecraft:skeleton":1,"alexsmobs:grizzly_bear":1,"alexsmobs:komodo_dragon":1,"iceandfire:ghost":1,"ecologics:coconut_crab":1,"minecraft:vex":3,"minecraft:illusioner":2},"minecraft:used":{"minecraft:stone_sword":44,"quark:jungle_chest":1,"minecraft:chest":1,"minecraft:iron_sword":72,"minecraft:torch":34,"minecraft:dirt":6,"minecraft:mutton":4,"minecraft:jungle_planks":5,"minecraft:granite":1,"minecraft:iron_axe":49,"minecraft:iron_helmet":2,"minecraft:furnace":2,"tombstone:gift":4,"luminousworld:clovers_1":1,"minecraft:stone_pickaxe":276,"minecraft:crafting_table":4,"minecraft:white_bed":2,"minecraft:black_bed":1,"luminousworld:creepberries":3,"minecraft:bread":3,"minecraft:melon_slice":7,"minecraft:iron_pickaxe":25,"minecraft:gravel":4,"minecraft:golden_helmet":1,"minecraft:cobblestone":36,"minecraft:potion":1,"minecraft:andesite":15,"quark:oak_chest":1,"minecraft:golden_pickaxe":19},"minecraft:custom":{"minecraft:mob_kills":14,"minecraft:interact_with_crafting_table":20,"minecraft:open_barrel":5,"minecraft:leave_game":3,"minecraft:time_since_death":50,"minecraft:climb_one_cm":21658,"minecraft:sprint_one_cm":413854,"minecraft:walk_one_cm":209551,"minecraft:drop":13,"minecraft:play_time":92781,"minecraft:deaths":26,"minecraft:sneak_time":1278,"minecraft:walk_under_water_one_cm":3903,"minecraft:jump":1379,"minecraft:interact_with_brewingstand":1,"minecraft:walk_on_water_one_cm":43109,"minecraft:total_world_time":92781,"minecraft:interact_with_furnace":8,"tombstone:raider_killed":10,"minecraft:tune_noteblock":8,"minecraft:sleep_in_bed":3,"minecraft:time_since_rest":1,"minecraft:damage_taken":11513,"minecraft:trigger_trapped_chest":1,"minecraft:damage_dealt":5744,"minecraft:swim_one_cm":28952,"minecraft:fly_one_cm":222464,"minecraft:open_chest":29,"minecraft:crouch_one_cm":2617,"minecraft:fall_one_cm":30075}},"DataVersion":3465}