{"stats":{"minecraft:custom":{"minecraft:mob_kills":6,"minecraft:interact_with_crafting_table":7,"minecraft:time_since_death":18631,"minecraft:time_since_rest":18826,"minecraft:sprint_one_cm":252413,"minecraft:damage_taken":2381,"minecraft:walk_one_cm":136170,"minecraft:drop":7,"minecraft:damage_dealt":1239,"minecraft:swim_one_cm":82502,"minecraft:fly_one_cm":99341,"minecraft:player_kills":1,"minecraft:crouch_one_cm":623,"minecraft:play_time":46509,"minecraft:deaths":8,"minecraft:sneak_time":449,"minecraft:walk_under_water_one_cm":14397,"minecraft:jump":673,"minecraft:walk_on_water_one_cm":11308,"minecraft:total_world_time":46509,"minecraft:fall_one_cm":18402},"minecraft:dropped":{"minecraft:gravel":41,"minecraft:wheat_seeds":6,"minecraft:clay_ball":24,"minecraft:andesite":1},"minecraft:crafted":{"minecraft:wooden_sword":1,"minecraft:stone_shovel":1,"minecraft:crafting_table":2,"minecraft:spruce_planks":36,"minecraft:wooden_pickaxe":2,"minecraft:dark_oak_door":3,"minecraft:stick":20,"minecraft:stone_pickaxe":2,"minecraft:wooden_axe":1,"minecraft:dark_oak_planks":80,"minecraft:torch":12},"minecraft:picked_up":{"minecraft:wooden_axe":2,"minecraft:crafting_table":5,"minecraft:clay_ball":24,"minecraft:andesite":1,"minecraft:brown_mushroom":17,"minecraft:wooden_pickaxe":2,"minecraft:flint":3,"minecraft:oak_log":4,"minecraft:string":2,"minecraft:dirt":55,"minecraft:wooden_sword":2,"minecraft:bow":2,"minecraft:wheat_seeds":6,"minecraft:spruce_planks":56,"minecraft:egg":2,"minecraft:stick":11,"minecraft:raw_iron":13,"minecraft:sweet_berries":74,"minecraft:torch":11,"minecraft:gravel":41,"minecraft:porkchop":8,"minecraft:spruce_log":13,"minecraft:dark_oak_log":42,"minecraft:spider_eye":1,"minecraft:rooted_dirt":3,"minecraft:glow_berries":2,"minecraft:coal":37,"minecraft:cobblestone":169},"minecraft:broken":{"minecraft:stone_pickaxe":1,"minecraft:wooden_pickaxe":1},"minecraft:killed_by":{"minecraft:player":3,"minecraft:skeleton":2,"minecraft:creeper":1,"minecraft:spider":1,"minecraft:zombie":1},"minecraft:mined":{"minecraft:brown_mushroom":9,"minecraft:dark_oak_leaves":10,"minecraft:dark_oak_log":26,"minecraft:clay":7,"minecraft:crafting_table":4,"minecraft:cave_vines_plant":1,"minecraft:grass_block":38,"minecraft:mushroom_stem":1,"minecraft:spruce_leaves":17,"minecraft:rooted_dirt":3,"minecraft:large_fern":11,"minecraft:iron_ore":14,"minecraft:fire":4,"minecraft:sweet_berry_bush":29,"minecraft:spruce_log":16,"minecraft:andesite":1,"minecraft:grass":7,"minecraft:oak_log":2,"minecraft:coal_ore":36,"minecraft:dirt_path":1,"minecraft:gravel":41,"minecraft:dirt":16,"minecraft:stone":161,"minecraft:oak_leaves":2,"minecraft:fern":26},"minecraft:killed":{"minecraft:pig":4,"minecraft:spider":1,"minecraft:skeleton":1},"minecraft:used":{"minecraft:stone_shovel":90,"minecraft:stone_pickaxe":146,"minecraft:wooden_pickaxe":78,"minecraft:torch":6,"minecraft:glow_berries":1,"minecraft:dirt":14,"minecraft:crafting_table":6,"minecraft:dark_oak_door":3,"minecraft:wooden_axe":29,"minecraft:dark_oak_log":5,"minecraft:wooden_sword":31,"minecraft:sweet_berries":63,"minecraft:egg":2}},"DataVersion":3120}