{"stats":{"minecraft:mined":{"minecraft:furnace":1,"iceandfire:silver_ore":1,"ecologics:seashell":1,"luminousworld:grassvariant_4":1,"minecraft:black_bed":1,"minecraft:granite":1,"minecraft:grass":2,"minecraft:grass_block":1,"minecraft:coal_ore":1,"minecraft:oak_log":7,"minecraft:chest":1,"minecraft:sand":1,"quark:indigo_corundum":1,"quark:indigo_corundum_cluster":1,"minecraft:stone":11,"minecraft:oak_leaves":3},"minecraft:crafted":{"minecraft:oak_planks":28,"minecraft:crafting_table":1},"minecraft:picked_up":{"luminousworld:groundpebbles_1":3,"minecraft:stick":4,"minecraft:black_bed":1,"ecologics:seashell":1,"minecraft:oak_log":7,"minecraft:dirt":1,"quark:indigo_corundum":1,"minecraft:granite":1,"quark:indigo_corundum_cluster":1,"minecraft:oak_sapling":2,"minecraft:chest":1,"minecraft:coal":3,"iceandfire:raw_silver":2,"minecraft:cobblestone":10,"minecraft:furnace":1},"minecraft:killed_by":{"ecologics:coconut_crab":1,"alexsmobs:grizzly_bear":1},"minecraft:used":{"minecraft:chest":1,"minecraft:furnace":1,"tombstone:gift":2,"minecraft:golden_pickaxe":18},"minecraft:custom":{"minecraft:time_since_rest":2201,"minecraft:interact_with_furnace":3,"minecraft:sprint_one_cm":118422,"minecraft:damage_taken":550,"minecraft:walk_one_cm":69555,"minecraft:damage_dealt":17,"minecraft:swim_one_cm":13417,"minecraft:tune_noteblock":8,"minecraft:fly_one_cm":69254,"minecraft:open_chest":10,"minecraft:crouch_one_cm":1149,"minecraft:play_time":21898,"minecraft:deaths":2,"minecraft:sneak_time":401,"minecraft:walk_under_water_one_cm":2312,"minecraft:jump":349,"minecraft:leave_game":1,"minecraft:walk_on_water_one_cm":33498,"minecraft:time_since_death":2229,"minecraft:sleep_in_bed":2,"minecraft:climb_one_cm":6370,"minecraft:total_world_time":21898,"minecraft:fall_one_cm":9690}},"DataVersion":3465}