{"stats":{"minecraft:dropped":{"minecraft:wheat_seeds":3},"minecraft:custom":{"minecraft:time_since_rest":6826,"minecraft:sprint_one_cm":238328,"minecraft:damage_taken":2361,"minecraft:walk_one_cm":121204,"minecraft:mob_kills":6,"minecraft:drop":3,"minecraft:damage_dealt":1239,"minecraft:player_kills":1,"minecraft:fly_one_cm":97398,"minecraft:swim_one_cm":10451,"minecraft:interact_with_crafting_table":4,"minecraft:crouch_one_cm":524,"minecraft:play_time":34509,"minecraft:deaths":8,"minecraft:sneak_time":158,"minecraft:walk_under_water_one_cm":6276,"minecraft:jump":608,"minecraft:walk_on_water_one_cm":4154,"minecraft:time_since_death":6631,"minecraft:total_world_time":34509,"minecraft:fall_one_cm":18402},"minecraft:crafted":{"minecraft:wooden_sword":1,"minecraft:crafting_table":2,"minecraft:spruce_planks":36,"minecraft:stick":20,"minecraft:wooden_pickaxe":2,"minecraft:stone_pickaxe":1,"minecraft:wooden_axe":1,"minecraft:torch":12},"minecraft:picked_up":{"minecraft:wooden_axe":2,"minecraft:raw_iron":1,"minecraft:stick":11,"minecraft:crafting_table":4,"minecraft:sweet_berries":69,"minecraft:torch":11,"minecraft:brown_mushroom":17,"minecraft:wooden_pickaxe":2,"minecraft:porkchop":8,"minecraft:oak_log":4,"minecraft:spruce_log":13,"minecraft:dark_oak_log":42,"minecraft:spider_eye":1,"minecraft:dirt":9,"minecraft:string":2,"minecraft:wooden_sword":2,"minecraft:bow":2,"minecraft:wheat_seeds":6,"minecraft:spruce_planks":56,"minecraft:coal":22,"minecraft:cobblestone":67,"minecraft:egg":2},"minecraft:killed_by":{"minecraft:player":3,"minecraft:skeleton":2,"minecraft:creeper":1,"minecraft:spider":1,"minecraft:zombie":1},"minecraft:mined":{"minecraft:large_fern":11,"minecraft:brown_mushroom":9,"minecraft:dark_oak_leaves":10,"minecraft:iron_ore":1,"minecraft:fire":4,"minecraft:sweet_berry_bush":27,"minecraft:spruce_log":16,"minecraft:dark_oak_log":26,"minecraft:crafting_table":3,"minecraft:grass":7,"minecraft:coal_ore":22,"minecraft:grass_block":3,"minecraft:oak_log":2,"minecraft:dirt":4,"minecraft:mushroom_stem":1,"minecraft:spruce_leaves":17,"minecraft:stone":59,"minecraft:oak_leaves":2,"minecraft:fern":26},"minecraft:killed":{"minecraft:skeleton":1,"minecraft:pig":4,"minecraft:spider":1},"minecraft:used":{"minecraft:wooden_axe":28,"minecraft:dark_oak_log":5,"minecraft:stone_pickaxe":54,"minecraft:wooden_pickaxe":30,"minecraft:torch":1,"minecraft:wooden_sword":31,"minecraft:dirt":7,"minecraft:sweet_berries":47,"minecraft:crafting_table":4,"minecraft:egg":2}},"DataVersion":3120}