{"stats":{"minecraft:custom":{"minecraft:time_since_rest":16888,"minecraft:interact_with_furnace":1,"minecraft:sprint_one_cm":13605,"minecraft:damage_taken":115,"minecraft:walk_one_cm":43429,"minecraft:mob_kills":1,"minecraft:damage_dealt":23,"minecraft:interact_with_crafting_table":3,"minecraft:fly_one_cm":16792,"minecraft:crouch_one_cm":26,"minecraft:play_time":16888,"minecraft:sneak_time":2,"minecraft:walk_under_water_one_cm":4178,"minecraft:jump":219,"minecraft:time_since_death":16888,"minecraft:walk_on_water_one_cm":1499,"minecraft:total_world_time":16888,"minecraft:fall_one_cm":5595},"minecraft:crafted":{"minecraft:crafting_table":1,"minecraft:spruce_planks":92,"minecraft:stick":36,"minecraft:wooden_pickaxe":1,"minecraft:stone_pickaxe":3,"minecraft:wooden_axe":1,"minecraft:furnace":1},"minecraft:picked_up":{"minecraft:raw_iron":4,"minecraft:crafting_table":2,"minecraft:sweet_berries":32,"minecraft:brown_mushroom":7,"minecraft:spruce_sapling":1,"minecraft:spruce_log":23,"minecraft:mossy_cobblestone":3,"minecraft:wheat_seeds":2,"minecraft:spruce_planks":2,"minecraft:coal":31,"minecraft:cobblestone":49},"minecraft:broken":{"minecraft:wooden_pickaxe":1},"minecraft:mined":{"minecraft:spruce_planks":2,"minecraft:brown_mushroom":7,"minecraft:mossy_cobblestone":3,"minecraft:iron_ore":4,"minecraft:sweet_berry_bush":15,"minecraft:spruce_log":23,"minecraft:crafting_table":2,"minecraft:grass":3,"minecraft:coal_ore":31,"minecraft:spruce_leaves":24,"minecraft:stone":50,"minecraft:fern":16},"minecraft:killed":{"minecraft:zombie":1},"minecraft:used":{"minecraft:wooden_axe":70,"minecraft:stone_pickaxe":29,"minecraft:spruce_planks":7,"minecraft:wooden_pickaxe":59,"minecraft:spruce_sapling":1,"minecraft:sweet_berries":9,"minecraft:crafting_table":2}},"DataVersion":3120}