{"stats":{"minecraft:custom":{"minecraft:interact_with_furnace":5,"minecraft:mob_kills":3,"minecraft:interact_with_crafting_table":6,"minecraft:time_since_death":28888,"minecraft:time_since_rest":28888,"minecraft:sprint_one_cm":15128,"minecraft:damage_taken":340,"minecraft:walk_one_cm":109466,"minecraft:damage_dealt":282,"minecraft:fly_one_cm":17028,"minecraft:crouch_one_cm":58,"minecraft:play_time":28888,"minecraft:sneak_time":117,"minecraft:walk_under_water_one_cm":4178,"minecraft:jump":315,"minecraft:walk_on_water_one_cm":1499,"minecraft:total_world_time":28888,"minecraft:fall_one_cm":9626},"minecraft:crafted":{"minecraft:crafting_table":1,"minecraft:spruce_planks":92,"minecraft:wooden_pickaxe":1,"minecraft:furnace":1,"minecraft:stick":36,"minecraft:iron_ingot":5,"minecraft:stone_pickaxe":4,"minecraft:iron_pickaxe":1,"minecraft:wooden_axe":1,"minecraft:torch":28},"minecraft:picked_up":{"minecraft:crafting_table":3,"minecraft:clay_ball":12,"minecraft:chest_minecart":2,"minecraft:brown_mushroom":7,"minecraft:enchanted_book":1,"minecraft:tuff":4,"minecraft:lapis_lazuli":6,"minecraft:name_tag":1,"minecraft:activator_rail":3,"minecraft:wheat_seeds":2,"minecraft:cobbled_deepslate":5,"minecraft:detector_rail":4,"minecraft:raw_gold":11,"minecraft:spruce_planks":6,"minecraft:iron_ingot":5,"minecraft:powered_rail":3,"minecraft:moss_block":2,"minecraft:furnace":2,"minecraft:raw_iron":36,"minecraft:sweet_berries":32,"minecraft:torch":8,"minecraft:spruce_sapling":1,"minecraft:spruce_log":23,"minecraft:mossy_cobblestone":3,"minecraft:pumpkin_seeds":4,"minecraft:bread":3,"minecraft:melon_seeds":4,"minecraft:glow_berries":6,"minecraft:coal":43,"minecraft:rail":42,"minecraft:cobblestone":52},"minecraft:broken":{"minecraft:wooden_pickaxe":1},"minecraft:mined":{"minecraft:tuff":4,"minecraft:spruce_planks":6,"minecraft:brown_mushroom":7,"minecraft:mossy_cobblestone":3,"minecraft:deepslate_diamond_ore":1,"minecraft:crafting_table":3,"minecraft:clay":3,"minecraft:torch":2,"minecraft:tall_grass":1,"minecraft:spruce_leaves":24,"minecraft:lapis_ore":1,"minecraft:deepslate_gold_ore":11,"minecraft:moss_block":2,"minecraft:wall_torch":2,"minecraft:furnace":2,"minecraft:iron_ore":5,"minecraft:sweet_berry_bush":15,"minecraft:spruce_log":23,"minecraft:grass":3,"minecraft:coal_ore":31,"minecraft:deepslate_iron_ore":31,"minecraft:rail":30,"minecraft:stone":52,"minecraft:deepslate":5,"minecraft:fern":16},"minecraft:killed":{"minecraft:bat":1,"minecraft:zombie":2},"minecraft:used":{"minecraft:stone_pickaxe":82,"minecraft:spruce_planks":7,"minecraft:wooden_pickaxe":59,"minecraft:torch":24,"minecraft:glow_berries":11,"minecraft:crafting_table":3,"minecraft:wooden_axe":83,"minecraft:bread":1,"minecraft:iron_pickaxe":42,"minecraft:spruce_sapling":1,"minecraft:cobblestone":1,"minecraft:sweet_berries":26,"minecraft:furnace":2}},"DataVersion":3120}