{"stats":{"minecraft:custom":{"minecraft:time_since_rest":4888,"minecraft:play_time":4888,"minecraft:interact_with_furnace":1,"minecraft:damage_taken":65,"minecraft:walk_one_cm":16410,"minecraft:mob_kills":1,"minecraft:jump":29,"minecraft:damage_dealt":23,"minecraft:time_since_death":4888,"minecraft:total_world_time":4888,"minecraft:fly_one_cm":80,"minecraft:interact_with_crafting_table":2,"minecraft:fall_one_cm":1231},"minecraft:crafted":{"minecraft:crafting_table":1,"minecraft:spruce_planks":20,"minecraft:stick":8,"minecraft:wooden_pickaxe":1,"minecraft:wooden_axe":1},"minecraft:picked_up":{"minecraft:crafting_table":1,"minecraft:spruce_log":23,"minecraft:mossy_cobblestone":3},"minecraft:mined":{"minecraft:mossy_cobblestone":3,"minecraft:spruce_leaves":15,"minecraft:spruce_log":23,"minecraft:crafting_table":1,"minecraft:fern":1},"minecraft:killed":{"minecraft:zombie":1},"minecraft:used":{"minecraft:wooden_axe":21,"minecraft:crafting_table":1,"minecraft:wooden_pickaxe":3}},"DataVersion":3120}