{"stats":{"minecraft:mined":{"minecraft:oak_log":9,"minecraft:packed_ice":4,"ecologics:thin_ice":1,"minecraft:oak_leaves":2,"minecraft:crafting_table":2},"minecraft:crafted":{"minecraft:oak_boat":2,"minecraft:oak_planks":36,"minecraft:crafting_table":1,"minecraft:stick":4,"minecraft:wooden_pickaxe":1,"minecraft:wooden_axe":1},"minecraft:picked_up":{"minecraft:crafting_table":2,"minecraft:oak_boat":1,"minecraft:oak_log":9},"minecraft:dropped":{"alexsmobs:animal_dictionary":1},"minecraft:used":{"minecraft:wooden_axe":2,"minecraft:crafting_table":2,"tombstone:gift":2,"alexsmobs:animal_dictionary":1,"minecraft:oak_boat":4},"minecraft:killed_by":{"iceandfire:sea_serpent":1},"minecraft:custom":{"minecraft:time_since_rest":1,"minecraft:deaths":1,"minecraft:crouch_one_cm":462,"minecraft:sprint_one_cm":28862,"minecraft:play_time":9732,"minecraft:damage_taken":490,"minecraft:walk_one_cm":18959,"minecraft:sneak_time":106,"minecraft:walk_under_water_one_cm":3604,"minecraft:drop":1,"minecraft:boat_one_cm":43290,"minecraft:jump":433,"minecraft:damage_dealt":10,"minecraft:walk_on_water_one_cm":9446,"minecraft:leave_game":2,"minecraft:time_since_death":494,"minecraft:climb_one_cm":483,"minecraft:total_world_time":9732,"minecraft:swim_one_cm":2555,"minecraft:interact_with_crafting_table":2,"minecraft:fall_one_cm":7667,"minecraft:fly_one_cm":75366}},"DataVersion":3465}