{"stats":{"minecraft:mined":{"minecraft:oak_log":6,"minecraft:oak_leaves":2,"minecraft:crafting_table":1},"minecraft:crafted":{"minecraft:oak_boat":1,"minecraft:oak_planks":20,"minecraft:crafting_table":1,"minecraft:stick":4,"minecraft:wooden_pickaxe":1,"minecraft:wooden_axe":1},"minecraft:picked_up":{"minecraft:crafting_table":1,"minecraft:oak_log":6},"minecraft:dropped":{"alexsmobs:animal_dictionary":1},"minecraft:used":{"minecraft:wooden_axe":1,"tombstone:gift":2,"alexsmobs:animal_dictionary":1,"minecraft:oak_boat":1},"minecraft:custom":{"minecraft:time_since_rest":475,"minecraft:crouch_one_cm":336,"minecraft:sprint_one_cm":7653,"minecraft:play_time":4106,"minecraft:damage_taken":180,"minecraft:walk_one_cm":7131,"minecraft:sneak_time":65,"minecraft:walk_under_water_one_cm":634,"minecraft:drop":1,"minecraft:boat_one_cm":675,"minecraft:jump":70,"minecraft:damage_dealt":10,"minecraft:walk_on_water_one_cm":3637,"minecraft:leave_game":1,"minecraft:time_since_death":4106,"minecraft:climb_one_cm":483,"minecraft:total_world_time":4106,"minecraft:interact_with_crafting_table":1,"minecraft:fall_one_cm":1079,"minecraft:fly_one_cm":13681}},"DataVersion":3465}