{"stats":{"minecraft:mined":{"minecraft:oak_log":4,"minecraft:oak_leaves":2,"minecraft:crafting_table":1},"minecraft:crafted":{"minecraft:oak_boat":1,"minecraft:oak_planks":16,"minecraft:stick":4,"minecraft:wooden_pickaxe":1,"minecraft:wooden_axe":1},"minecraft:picked_up":{"minecraft:crafting_table":1,"minecraft:oak_log":4},"minecraft:dropped":{"alexsmobs:animal_dictionary":1},"minecraft:used":{"minecraft:wooden_axe":1,"minecraft:oak_boat":1,"alexsmobs:animal_dictionary":1},"minecraft:custom":{"minecraft:time_since_rest":3162,"minecraft:crouch_one_cm":312,"minecraft:play_time":3162,"minecraft:sprint_one_cm":7653,"minecraft:damage_taken":180,"minecraft:walk_one_cm":6553,"minecraft:sneak_time":60,"minecraft:boat_one_cm":675,"minecraft:drop":1,"minecraft:jump":62,"minecraft:damage_dealt":10,"minecraft:leave_game":1,"minecraft:time_since_death":3162,"minecraft:total_world_time":3162,"minecraft:climb_one_cm":331,"minecraft:interact_with_crafting_table":1,"minecraft:fall_one_cm":1079,"minecraft:fly_one_cm":13681}},"DataVersion":3465}