{"stats":{"minecraft:picked_up":{"minecraft:stick":2,"minecraft:wither_rose":1,"minecraft:oak_log":2,"minecraft:oak_sapling":2,"minecraft:sugar_cane":16,"minecraft:skeleton_skull":1,"minecraft:dirt":1},"minecraft:custom":{"minecraft:open_chest":1,"minecraft:time_since_rest":2197,"minecraft:crouch_one_cm":691,"minecraft:play_time":13968,"minecraft:sprint_one_cm":59511,"minecraft:damage_taken":280,"minecraft:walk_one_cm":53601,"minecraft:sneak_time":231,"minecraft:walk_under_water_one_cm":945,"minecraft:mob_kills":1,"minecraft:drop":2,"minecraft:jump":380,"minecraft:leave_game":1,"minecraft:damage_dealt":154,"minecraft:walk_on_water_one_cm":5437,"minecraft:time_since_death":4596,"minecraft:climb_one_cm":619,"minecraft:total_world_time":13968,"minecraft:swim_one_cm":8661,"minecraft:fall_one_cm":8124,"minecraft:fly_one_cm":73418,"minecraft:deaths":1},"minecraft:used":{"minecraft:dirt":1,"alexsmobs:animal_dictionary":1},"minecraft:dropped":{"alexsmobs:animal_dictionary":1,"minecraft:skeleton_skull":1},"minecraft:killed":{"minecraft:frog":1},"minecraft:killed_by":{"iceandfire:ghost":1},"minecraft:mined":{"luminousworld:groundpebbles_1":1,"minecraft:seagrass":1,"minecraft:grass":2,"minecraft:tall_seagrass":2,"minecraft:grass_block":1,"minecraft:oak_log":2,"luminousworld:grassflowers":1,"minecraft:sugar_cane":10,"minecraft:oak_leaves":2,"minecraft:wither_rose":1},"minecraft:crafted":{"minecraft:oak_planks":8,"minecraft:crafting_table":1}},"DataVersion":3465}