{"stats":{"minecraft:dropped":{"minecraft:wheat_seeds":1,"minecraft:coarse_dirt":1,"minecraft:raw_iron":3},"minecraft:custom":{"minecraft:interact_with_furnace":22,"minecraft:mob_kills":4,"minecraft:interact_with_crafting_table":25,"minecraft:time_since_death":2879,"minecraft:climb_one_cm":2696,"minecraft:time_since_rest":2908,"minecraft:sprint_one_cm":134708,"minecraft:damage_taken":3086,"minecraft:walk_one_cm":214316,"minecraft:damage_blocked_by_shield":1665,"minecraft:drop":5,"minecraft:damage_dealt":1592,"minecraft:fly_one_cm":79078,"minecraft:player_kills":2,"minecraft:crouch_one_cm":10208,"minecraft:play_time":73415,"minecraft:deaths":11,"minecraft:sneak_time":3704,"minecraft:walk_under_water_one_cm":22911,"minecraft:jump":865,"minecraft:walk_on_water_one_cm":5139,"minecraft:total_world_time":73415,"minecraft:fall_one_cm":27755},"minecraft:crafted":{"minecraft:wooden_sword":1,"minecraft:crafting_table":1,"minecraft:spruce_planks":156,"minecraft:wooden_pickaxe":3,"minecraft:iron_helmet":1,"minecraft:furnace":1,"minecraft:stone_axe":1,"minecraft:air":0,"minecraft:iron_boots":1,"minecraft:shield":2,"minecraft:stick":48,"minecraft:stone_pickaxe":5,"minecraft:iron_ingot":18,"minecraft:wooden_axe":2,"minecraft:stone_sword":1,"minecraft:iron_leggings":1,"minecraft:torch":32},"minecraft:picked_up":{"minecraft:coarse_dirt":14,"minecraft:clay_ball":8,"minecraft:andesite":8,"minecraft:brown_mushroom":21,"minecraft:wooden_pickaxe":7,"minecraft:shield":2,"minecraft:moss_carpet":2,"minecraft:dirt":112,"minecraft:iron_leggings":5,"minecraft:bone":5,"minecraft:wheat_seeds":5,"minecraft:spruce_planks":162,"minecraft:iron_ingot":6,"minecraft:stone_pickaxe":10,"minecraft:azalea":2,"minecraft:moss_block":60,"minecraft:flowering_azalea":2,"minecraft:iron_boots":5,"minecraft:stick":4,"minecraft:raw_iron":62,"minecraft:big_dripleaf":6,"minecraft:torch":17,"minecraft:gravel":3,"minecraft:diorite":32,"minecraft:spruce_log":40,"minecraft:spruce_door":1,"minecraft:mossy_cobblestone":7,"minecraft:stone_sword":5,"minecraft:arrow":8,"minecraft:stone_axe":5,"minecraft:iron_helmet":5,"minecraft:granite":16,"minecraft:glow_berries":4,"minecraft:coal":102,"minecraft:cobblestone":1110},"minecraft:broken":{"minecraft:stone_pickaxe":2,"minecraft:wooden_pickaxe":1},"minecraft:killed_by":{"minecraft:player":1,"minecraft:skeleton":1,"minecraft:creeper":2,"minecraft:zombie":2},"minecraft:mined":{"minecraft:podzol":2,"minecraft:flowering_azalea":2,"minecraft:brown_mushroom":7,"minecraft:mossy_cobblestone":7,"minecraft:clay":1,"minecraft:torch":3,"minecraft:cave_vines_plant":16,"minecraft:granite":6,"minecraft:dead_bush":1,"minecraft:cobblestone":8,"minecraft:tall_grass":2,"minecraft:spruce_leaves":7,"minecraft:moss_block":17,"minecraft:diorite":8,"minecraft:wall_torch":2,"minecraft:big_dripleaf":2,"minecraft:large_fern":2,"minecraft:coarse_dirt":2,"minecraft:iron_ore":33,"minecraft:spruce_log":40,"minecraft:andesite":4,"minecraft:grass":6,"minecraft:coal_ore":32,"minecraft:cave_vines":18,"minecraft:vine":6,"minecraft:gravel":3,"minecraft:dirt":6,"minecraft:stone":407,"minecraft:fern":8},"minecraft:killed":{"minecraft:skeleton":4},"minecraft:used":{"minecraft:diorite":2,"minecraft:stone_sword":34,"minecraft:spruce_door":1,"minecraft:stone_pickaxe":525,"minecraft:wooden_pickaxe":18,"minecraft:shield":40,"minecraft:torch":34,"minecraft:glow_berries":6,"minecraft:dirt":5,"minecraft:crafting_table":1,"minecraft:granite":6,"minecraft:wooden_axe":21,"minecraft:flowering_azalea":1,"minecraft:gravel":3,"minecraft:stone_axe":21,"minecraft:wooden_sword":5,"minecraft:cobblestone":117,"minecraft:furnace":1,"minecraft:coarse_dirt":4}},"DataVersion":3120}