{"stats":{"minecraft:dropped":{"minecraft:wheat_seeds":1,"minecraft:coarse_dirt":1,"minecraft:raw_iron":3},"minecraft:custom":{"minecraft:interact_with_furnace":19,"minecraft:mob_kills":2,"minecraft:interact_with_crafting_table":22,"minecraft:time_since_death":5801,"minecraft:climb_one_cm":600,"minecraft:time_since_rest":5828,"minecraft:sprint_one_cm":123271,"minecraft:damage_taken":2642,"minecraft:walk_one_cm":173655,"minecraft:damage_blocked_by_shield":750,"minecraft:drop":5,"minecraft:damage_dealt":1262,"minecraft:fly_one_cm":67060,"minecraft:player_kills":2,"minecraft:crouch_one_cm":4627,"minecraft:play_time":61415,"minecraft:deaths":9,"minecraft:sneak_time":1801,"minecraft:walk_under_water_one_cm":22911,"minecraft:jump":674,"minecraft:walk_on_water_one_cm":4866,"minecraft:total_world_time":61415,"minecraft:fall_one_cm":20907},"minecraft:crafted":{"minecraft:wooden_sword":1,"minecraft:crafting_table":1,"minecraft:spruce_planks":152,"minecraft:wooden_pickaxe":3,"minecraft:iron_helmet":1,"minecraft:furnace":1,"minecraft:stone_axe":1,"minecraft:air":0,"minecraft:iron_boots":1,"minecraft:shield":1,"minecraft:stick":44,"minecraft:stone_pickaxe":5,"minecraft:iron_ingot":17,"minecraft:wooden_axe":2,"minecraft:stone_sword":1,"minecraft:iron_leggings":1,"minecraft:torch":24},"minecraft:picked_up":{"minecraft:coarse_dirt":14,"minecraft:brown_mushroom":11,"minecraft:wooden_pickaxe":5,"minecraft:dirt":68,"minecraft:iron_leggings":3,"minecraft:bone":1,"minecraft:wheat_seeds":1,"minecraft:spruce_planks":100,"minecraft:iron_ingot":6,"minecraft:stone_pickaxe":6,"minecraft:moss_block":25,"minecraft:iron_boots":3,"minecraft:stick":4,"minecraft:raw_iron":34,"minecraft:torch":14,"minecraft:gravel":3,"minecraft:diorite":20,"minecraft:spruce_log":40,"minecraft:spruce_door":1,"minecraft:mossy_cobblestone":7,"minecraft:stone_sword":3,"minecraft:arrow":2,"minecraft:stone_axe":3,"minecraft:iron_helmet":3,"minecraft:granite":16,"minecraft:glow_berries":4,"minecraft:coal":74,"minecraft:cobblestone":826},"minecraft:broken":{"minecraft:stone_pickaxe":2,"minecraft:wooden_pickaxe":1},"minecraft:killed_by":{"minecraft:player":1,"minecraft:creeper":2,"minecraft:zombie":2},"minecraft:mined":{"minecraft:podzol":2,"minecraft:brown_mushroom":7,"minecraft:mossy_cobblestone":7,"minecraft:clay":1,"minecraft:torch":3,"minecraft:cave_vines_plant":15,"minecraft:granite":6,"minecraft:dead_bush":1,"minecraft:cobblestone":8,"minecraft:tall_grass":1,"minecraft:spruce_leaves":6,"minecraft:moss_block":16,"minecraft:diorite":8,"minecraft:wall_torch":2,"minecraft:large_fern":2,"minecraft:coarse_dirt":2,"minecraft:iron_ore":20,"minecraft:spruce_log":40,"minecraft:grass":5,"minecraft:coal_ore":27,"minecraft:cave_vines":18,"minecraft:gravel":3,"minecraft:dirt":6,"minecraft:stone":389,"minecraft:fern":8},"minecraft:killed":{"minecraft:skeleton":2},"minecraft:used":{"minecraft:diorite":2,"minecraft:stone_sword":26,"minecraft:spruce_door":1,"minecraft:stone_pickaxe":484,"minecraft:wooden_pickaxe":18,"minecraft:shield":17,"minecraft:torch":28,"minecraft:glow_berries":6,"minecraft:dirt":5,"minecraft:crafting_table":1,"minecraft:granite":6,"minecraft:wooden_axe":21,"minecraft:gravel":3,"minecraft:stone_axe":21,"minecraft:wooden_sword":5,"minecraft:cobblestone":58,"minecraft:furnace":1,"minecraft:coarse_dirt":4}},"DataVersion":3120}