{"stats":{"minecraft:custom":{"minecraft:time_since_rest":440,"minecraft:sprint_one_cm":27734,"minecraft:damage_taken":972,"minecraft:walk_one_cm":41041,"minecraft:damage_dealt":650,"minecraft:interact_with_crafting_table":6,"minecraft:fly_one_cm":18079,"minecraft:player_kills":2,"minecraft:crouch_one_cm":180,"minecraft:play_time":13415,"minecraft:deaths":4,"minecraft:sneak_time":112,"minecraft:walk_under_water_one_cm":3692,"minecraft:jump":134,"minecraft:walk_on_water_one_cm":1262,"minecraft:time_since_death":385,"minecraft:total_world_time":13415,"minecraft:fall_one_cm":8010},"minecraft:crafted":{"minecraft:wooden_sword":1,"minecraft:spruce_planks":96,"minecraft:stick":24,"minecraft:wooden_pickaxe":2,"minecraft:stone_pickaxe":1,"minecraft:wooden_axe":2},"minecraft:picked_up":{"minecraft:coarse_dirt":1,"minecraft:brown_mushroom":1,"minecraft:wooden_pickaxe":1,"minecraft:gravel":3,"minecraft:spruce_log":24,"minecraft:dirt":1,"minecraft:mossy_cobblestone":7,"minecraft:granite":1,"minecraft:coal":2,"minecraft:cobblestone":84},"minecraft:broken":{"minecraft:wooden_pickaxe":1},"minecraft:killed_by":{"minecraft:player":1,"minecraft:zombie":1},"minecraft:mined":{"minecraft:podzol":1,"minecraft:coarse_dirt":1,"minecraft:brown_mushroom":1,"minecraft:mossy_cobblestone":7,"minecraft:spruce_log":25,"minecraft:granite":1,"minecraft:grass":2,"minecraft:coal_ore":2,"minecraft:dead_bush":1,"minecraft:gravel":3,"minecraft:dirt":3,"minecraft:spruce_leaves":1,"minecraft:stone":85,"minecraft:fern":2},"minecraft:used":{"minecraft:wooden_axe":21,"minecraft:stone_pickaxe":85,"minecraft:wooden_pickaxe":15,"minecraft:gravel":3,"minecraft:wooden_sword":5,"minecraft:dirt":1,"minecraft:cobblestone":1,"minecraft:granite":1}},"DataVersion":3120}