{"stats":{"minecraft:mined":{"minecraft:skeleton_skull":1,"minecraft:seagrass":1,"minecraft:tall_seagrass":2,"luminousworld:groundpebbles_1":1,"luminousworld:yellow_grassflowers":1,"luminousworld:grassvariant_4":2,"minecraft:wither_rose":1,"minecraft:grass":10,"minecraft:grass_block":9,"minecraft:oak_log":2,"minecraft:dirt":5,"luminousworld:grassvariant_2":2,"luminousworld:grassflowers":1,"minecraft:sugar_cane":10,"minecraft:oak_leaves":9},"minecraft:crafted":{"minecraft:oak_planks":8,"minecraft:crafting_table":1},"minecraft:picked_up":{"minecraft:stick":2,"naturalist:duck":1,"minecraft:feather":1,"minecraft:wither_rose":1,"minecraft:oak_log":2,"minecraft:dirt":14,"minecraft:cooked_salmon":1,"minecraft:item_frame":2,"minecraft:experience_bottle":1,"minecraft:wheat_seeds":1,"minecraft:bread":1,"minecraft:emerald":1,"minecraft:oak_sapling":2,"minecraft:sugar_cane":16,"minecraft:skeleton_skull":2},"minecraft:killed":{"luminousworld:monarch":1,"minecraft:frog":1,"naturalist:duck":1},"minecraft:dropped":{"alexsmobs:animal_dictionary":1,"minecraft:skeleton_skull":1,"tombstone:grave_key":1},"minecraft:killed_by":{"iceandfire:ghost":1,"born_in_chaos_v1:dread_hound":1,"alexsmobs:grizzly_bear":1},"minecraft:used":{"minecraft:bread":2,"minecraft:oak_planks":4,"minecraft:cooked_salmon":1,"minecraft:item_frame":2,"naturalist:duck":1,"minecraft:dirt":14,"alexsmobs:animal_dictionary":1},"minecraft:custom":{"minecraft:time_since_rest":480,"minecraft:sprint_one_cm":154628,"minecraft:damage_taken":810,"minecraft:walk_one_cm":206106,"minecraft:mob_kills":3,"minecraft:drop":3,"minecraft:damage_dealt":204,"minecraft:swim_one_cm":108629,"minecraft:talked_to_villager":2,"minecraft:fly_one_cm":181783,"minecraft:open_barrel":2,"minecraft:open_chest":11,"minecraft:crouch_one_cm":1431,"minecraft:play_time":45180,"minecraft:deaths":3,"minecraft:sneak_time":368,"minecraft:walk_under_water_one_cm":14621,"minecraft:jump":927,"minecraft:sleep_in_bed":3,"minecraft:leave_game":2,"minecraft:walk_on_water_one_cm":32421,"minecraft:time_since_death":22946,"minecraft:interact_with_smoker":1,"minecraft:climb_one_cm":22923,"minecraft:total_world_time":45180,"minecraft:fall_one_cm":18225}},"DataVersion":3465}