{"stats":{"minecraft:dropped":{"minecraft:wheat_seeds":1,"minecraft:coarse_dirt":1,"minecraft:raw_iron":3},"minecraft:custom":{"minecraft:time_since_rest":5873,"minecraft:interact_with_furnace":14,"minecraft:sprint_one_cm":80096,"minecraft:damage_taken":1659,"minecraft:walk_one_cm":110300,"minecraft:damage_blocked_by_shield":250,"minecraft:drop":5,"minecraft:damage_dealt":724,"minecraft:interact_with_crafting_table":18,"minecraft:fly_one_cm":34758,"minecraft:player_kills":2,"minecraft:crouch_one_cm":282,"minecraft:play_time":37415,"minecraft:deaths":6,"minecraft:sneak_time":356,"minecraft:walk_under_water_one_cm":22911,"minecraft:jump":335,"minecraft:walk_on_water_one_cm":4866,"minecraft:time_since_death":5833,"minecraft:total_world_time":37415,"minecraft:fall_one_cm":11309},"minecraft:crafted":{"minecraft:wooden_sword":1,"minecraft:shield":1,"minecraft:crafting_table":1,"minecraft:iron_helmet":1,"minecraft:spruce_planks":152,"minecraft:stick":40,"minecraft:iron_ingot":14,"minecraft:wooden_pickaxe":3,"minecraft:stone_pickaxe":3,"minecraft:wooden_axe":2,"minecraft:stone_sword":1,"minecraft:iron_leggings":1,"minecraft:furnace":1,"minecraft:torch":16,"minecraft:stone_axe":1,"minecraft:air":0},"minecraft:picked_up":{"minecraft:raw_iron":34,"minecraft:coarse_dirt":4,"minecraft:torch":6,"minecraft:brown_mushroom":1,"minecraft:wooden_pickaxe":2,"minecraft:gravel":3,"minecraft:diorite":4,"minecraft:spruce_log":38,"minecraft:spruce_door":1,"minecraft:dirt":13,"minecraft:mossy_cobblestone":7,"minecraft:wheat_seeds":1,"minecraft:spruce_planks":1,"minecraft:iron_ingot":6,"minecraft:granite":1,"minecraft:coal":43,"minecraft:cobblestone":251},"minecraft:broken":{"minecraft:wooden_pickaxe":1,"minecraft:stone_pickaxe":1},"minecraft:killed_by":{"minecraft:player":1,"minecraft:creeper":1,"minecraft:zombie":1},"minecraft:mined":{"minecraft:large_fern":2,"minecraft:podzol":2,"minecraft:coarse_dirt":1,"minecraft:brown_mushroom":1,"minecraft:mossy_cobblestone":7,"minecraft:iron_ore":20,"minecraft:spruce_log":40,"minecraft:torch":3,"minecraft:granite":1,"minecraft:grass":2,"minecraft:coal_ore":27,"minecraft:dead_bush":1,"minecraft:gravel":3,"minecraft:dirt":3,"minecraft:spruce_leaves":1,"minecraft:stone":203,"minecraft:diorite":2,"minecraft:wall_torch":2,"minecraft:fern":6},"minecraft:used":{"minecraft:wooden_axe":21,"minecraft:stone_sword":1,"minecraft:spruce_door":1,"minecraft:stone_pickaxe":249,"minecraft:shield":5,"minecraft:wooden_pickaxe":18,"minecraft:gravel":3,"minecraft:stone_axe":15,"minecraft:torch":20,"minecraft:wooden_sword":5,"minecraft:dirt":5,"minecraft:cobblestone":28,"minecraft:crafting_table":1,"minecraft:furnace":1,"minecraft:granite":1}},"DataVersion":3120}