{"stats":{"minecraft:mined":{"minecraft:skeleton_skull":1,"minecraft:seagrass":1,"minecraft:tall_seagrass":2,"luminousworld:groundpebbles_1":1,"luminousworld:yellow_grassflowers":1,"luminousworld:grassvariant_4":1,"minecraft:wither_rose":1,"minecraft:grass":10,"minecraft:grass_block":1,"minecraft:oak_log":2,"luminousworld:grassflowers":1,"minecraft:sugar_cane":10,"minecraft:oak_leaves":5},"minecraft:crafted":{"minecraft:oak_planks":8,"minecraft:crafting_table":1},"minecraft:picked_up":{"minecraft:stick":2,"naturalist:duck":1,"minecraft:feather":1,"minecraft:wither_rose":1,"minecraft:oak_log":2,"minecraft:dirt":1,"minecraft:wheat_seeds":1,"minecraft:oak_sapling":2,"minecraft:sugar_cane":16,"minecraft:skeleton_skull":2},"minecraft:killed":{"luminousworld:monarch":1,"minecraft:frog":1,"naturalist:duck":1},"minecraft:dropped":{"alexsmobs:animal_dictionary":1,"minecraft:skeleton_skull":1},"minecraft:used":{"minecraft:oak_planks":4,"naturalist:duck":1,"minecraft:dirt":1,"alexsmobs:animal_dictionary":1},"minecraft:killed_by":{"iceandfire:ghost":1,"born_in_chaos_v1:dread_hound":1,"alexsmobs:grizzly_bear":1},"minecraft:custom":{"minecraft:time_since_rest":5432,"minecraft:sprint_one_cm":104432,"minecraft:damage_taken":760,"minecraft:walk_one_cm":95332,"minecraft:mob_kills":3,"minecraft:drop":2,"minecraft:damage_dealt":204,"minecraft:swim_one_cm":105111,"minecraft:fly_one_cm":143376,"minecraft:open_chest":3,"minecraft:crouch_one_cm":691,"minecraft:play_time":30065,"minecraft:deaths":3,"minecraft:sneak_time":293,"minecraft:walk_under_water_one_cm":13194,"minecraft:jump":667,"minecraft:leave_game":1,"minecraft:walk_on_water_one_cm":22431,"minecraft:time_since_death":7831,"minecraft:climb_one_cm":1397,"minecraft:total_world_time":30065,"minecraft:fall_one_cm":12890}},"DataVersion":3465}