{"stats":{"minecraft:picked_up":{"minecraft:stick":2,"minecraft:oak_log":2,"minecraft:oak_sapling":2,"minecraft:sugar_cane":16,"minecraft:dirt":1},"minecraft:custom":{"minecraft:time_since_rest":5138,"minecraft:crouch_one_cm":502,"minecraft:play_time":5138,"minecraft:sprint_one_cm":19250,"minecraft:damage_taken":10,"minecraft:walk_one_cm":12800,"minecraft:sneak_time":173,"minecraft:walk_under_water_one_cm":265,"minecraft:mob_kills":1,"minecraft:drop":1,"minecraft:jump":111,"minecraft:damage_dealt":110,"minecraft:walk_on_water_one_cm":1855,"minecraft:time_since_death":5138,"minecraft:climb_one_cm":166,"minecraft:total_world_time":5138,"minecraft:fall_one_cm":3044,"minecraft:fly_one_cm":20105},"minecraft:used":{"minecraft:dirt":1,"alexsmobs:animal_dictionary":1},"minecraft:dropped":{"alexsmobs:animal_dictionary":1},"minecraft:killed":{"minecraft:frog":1},"minecraft:mined":{"minecraft:grass":1,"minecraft:grass_block":1,"minecraft:oak_log":2,"minecraft:sugar_cane":10},"minecraft:crafted":{"minecraft:oak_planks":8,"minecraft:crafting_table":1}},"DataVersion":3465}