{"stats":{"minecraft:dropped":{"minecraft:wheat_seeds":1,"minecraft:coarse_dirt":1,"minecraft:raw_iron":3},"minecraft:custom":{"minecraft:interact_with_furnace":19,"minecraft:mob_kills":1,"minecraft:interact_with_crafting_table":21,"minecraft:time_since_death":1972,"minecraft:time_since_rest":2000,"minecraft:sprint_one_cm":100892,"minecraft:damage_taken":2209,"minecraft:walk_one_cm":138945,"minecraft:damage_blocked_by_shield":750,"minecraft:drop":5,"minecraft:damage_dealt":924,"minecraft:fly_one_cm":50999,"minecraft:player_kills":2,"minecraft:crouch_one_cm":1663,"minecraft:play_time":49415,"minecraft:deaths":8,"minecraft:sneak_time":896,"minecraft:walk_under_water_one_cm":22911,"minecraft:jump":516,"minecraft:walk_on_water_one_cm":4866,"minecraft:total_world_time":49415,"minecraft:fall_one_cm":17680},"minecraft:crafted":{"minecraft:wooden_sword":1,"minecraft:crafting_table":1,"minecraft:spruce_planks":152,"minecraft:wooden_pickaxe":3,"minecraft:iron_helmet":1,"minecraft:furnace":1,"minecraft:stone_axe":1,"minecraft:air":0,"minecraft:iron_boots":1,"minecraft:shield":1,"minecraft:stick":44,"minecraft:stone_pickaxe":5,"minecraft:iron_ingot":17,"minecraft:wooden_axe":2,"minecraft:stone_sword":1,"minecraft:iron_leggings":1,"minecraft:torch":24},"minecraft:picked_up":{"minecraft:coarse_dirt":10,"minecraft:brown_mushroom":1,"minecraft:wooden_pickaxe":4,"minecraft:dirt":46,"minecraft:iron_leggings":2,"minecraft:wheat_seeds":1,"minecraft:spruce_planks":67,"minecraft:iron_ingot":6,"minecraft:stone_pickaxe":3,"minecraft:moss_block":11,"minecraft:iron_boots":2,"minecraft:stick":3,"minecraft:raw_iron":34,"minecraft:torch":11,"minecraft:gravel":3,"minecraft:diorite":12,"minecraft:spruce_log":39,"minecraft:spruce_door":1,"minecraft:mossy_cobblestone":7,"minecraft:stone_sword":2,"minecraft:stone_axe":2,"minecraft:iron_helmet":2,"minecraft:granite":6,"minecraft:coal":64,"minecraft:cobblestone":676},"minecraft:broken":{"minecraft:stone_pickaxe":2,"minecraft:wooden_pickaxe":1},"minecraft:killed_by":{"minecraft:player":1,"minecraft:creeper":2,"minecraft:zombie":1},"minecraft:mined":{"minecraft:podzol":2,"minecraft:brown_mushroom":1,"minecraft:mossy_cobblestone":7,"minecraft:clay":1,"minecraft:torch":3,"minecraft:cave_vines_plant":6,"minecraft:granite":6,"minecraft:dead_bush":1,"minecraft:tall_grass":1,"minecraft:spruce_leaves":1,"minecraft:moss_block":4,"minecraft:diorite":8,"minecraft:wall_torch":2,"minecraft:large_fern":2,"minecraft:coarse_dirt":2,"minecraft:iron_ore":20,"minecraft:spruce_log":40,"minecraft:grass":3,"minecraft:coal_ore":27,"minecraft:cave_vines":10,"minecraft:gravel":3,"minecraft:dirt":6,"minecraft:stone":389,"minecraft:fern":6},"minecraft:killed":{"minecraft:skeleton":1},"minecraft:used":{"minecraft:diorite":2,"minecraft:stone_sword":7,"minecraft:spruce_door":1,"minecraft:stone_pickaxe":451,"minecraft:wooden_pickaxe":18,"minecraft:shield":17,"minecraft:torch":26,"minecraft:dirt":5,"minecraft:crafting_table":1,"minecraft:granite":1,"minecraft:wooden_axe":21,"minecraft:gravel":3,"minecraft:stone_axe":15,"minecraft:wooden_sword":5,"minecraft:cobblestone":53,"minecraft:furnace":1}},"DataVersion":3120}