{"stats":{"minecraft:dropped":{"minecraft:wheat_seeds":1,"minecraft:coarse_dirt":1},"minecraft:custom":{"minecraft:time_since_rest":7983,"minecraft:interact_with_furnace":6,"minecraft:sprint_one_cm":68289,"minecraft:damage_taken":1190,"minecraft:walk_one_cm":72703,"minecraft:drop":2,"minecraft:damage_dealt":674,"minecraft:interact_with_crafting_table":9,"minecraft:fly_one_cm":32288,"minecraft:player_kills":2,"minecraft:crouch_one_cm":282,"minecraft:play_time":25415,"minecraft:deaths":5,"minecraft:sneak_time":307,"minecraft:walk_under_water_one_cm":22911,"minecraft:jump":285,"minecraft:walk_on_water_one_cm":4607,"minecraft:time_since_death":7951,"minecraft:total_world_time":25415,"minecraft:fall_one_cm":9601},"minecraft:crafted":{"minecraft:wooden_sword":1,"minecraft:spruce_planks":104,"minecraft:stick":32,"minecraft:iron_ingot":6,"minecraft:wooden_pickaxe":3,"minecraft:stone_pickaxe":2,"minecraft:wooden_axe":2,"minecraft:torch":8,"minecraft:air":0},"minecraft:picked_up":{"minecraft:raw_iron":6,"minecraft:coarse_dirt":3,"minecraft:torch":4,"minecraft:brown_mushroom":1,"minecraft:wooden_pickaxe":1,"minecraft:gravel":3,"minecraft:diorite":2,"minecraft:spruce_log":26,"minecraft:dirt":2,"minecraft:mossy_cobblestone":7,"minecraft:wheat_seeds":1,"minecraft:granite":1,"minecraft:coal":27,"minecraft:cobblestone":101},"minecraft:broken":{"minecraft:wooden_pickaxe":1},"minecraft:killed_by":{"minecraft:player":1,"minecraft:zombie":1},"minecraft:mined":{"minecraft:large_fern":2,"minecraft:podzol":2,"minecraft:coarse_dirt":1,"minecraft:brown_mushroom":1,"minecraft:mossy_cobblestone":7,"minecraft:iron_ore":6,"minecraft:spruce_log":27,"minecraft:torch":3,"minecraft:granite":1,"minecraft:grass":2,"minecraft:coal_ore":27,"minecraft:dead_bush":1,"minecraft:gravel":3,"minecraft:dirt":3,"minecraft:spruce_leaves":1,"minecraft:stone":102,"minecraft:diorite":2,"minecraft:wall_torch":1,"minecraft:fern":3},"minecraft:used":{"minecraft:wooden_axe":21,"minecraft:stone_pickaxe":134,"minecraft:wooden_pickaxe":18,"minecraft:gravel":3,"minecraft:torch":8,"minecraft:wooden_sword":5,"minecraft:dirt":2,"minecraft:cobblestone":1,"minecraft:granite":1}},"DataVersion":3120}